Sr No,Symbol,Company Name,"Market capitalization as on December 31, 2021
(Rs in Lakhs)"
1,RELIANCE,Reliance Industries Limited,160138207
2,TCS,Tata Consultancy Services Limited,138283487
3,HDFCBANK,HDFC Bank Limited,81983196
4,INFY,Infosys Limited,80445056
5,HINDUNILVR,Hindustan Unilever Limited,55453878
6,ICICIBANK,ICICI Bank Limited,51389612
7,HDFC,Housing Development Finance Corporation Limited,46770159
8,BAJFINANCE,Bajaj Finance Limited,42114588
9,SBIN,State Bank of India,41093374
10,WIPRO,Wipro Limited,39210359
11,BHARTIARTL,Bharti Airtel Limited,37554482
12,HCLTECH,HCL Technologies Limited,35795956
13,KOTAKBANK,Kotak Mahindra Bank Limited,35627228
14,ASIANPAINT,Asian Paints Limited,32449182
15,DMART,Avenue Supermarts Limited,30260471
16,ITC,ITC Limited,26869513
17,LT,Larsen & Toubro Limited,26634348
18,BAJAJFINSV,Bajaj Finserv Limited,26108407
19,MARUTI,Maruti Suzuki India Limited,22433825
20,TITAN,Titan Company Limited,22393518
21,ULTRACEMCO,UltraTech Cement Limited,21912703
22,AXISBANK,Axis Bank Limited,20815049
23,ADANIGREEN,Adani Green Energy Limited,20805300
24,SUNPHARMA,Sun Pharmaceutical Industries Limited,20291176
25,ADANITRANS,Adani Transmission Limited,19146044
26,ATGL,Adani Total Gas Limited,18936530
27,ADANIENT,Adani Enterprises Limited,18800703
28,ONGC,Oil & Natural Gas Corporation Limited,17914318
29,TECHM,Tech Mahindra Limited,17375981
30,TATAMOTORS,Tata Motors Limited,16018344
31,JSWSTEEL,JSW Steel Limited,15855757
32,ADANIPORTS,Adani Ports and Special Economic Zone Limited,14910913
33,POWERGRID,Power Grid Corporation of India Limited,14257826
34,TATASTEEL,Tata Steel Limited,13581373
35,HINDZINC,Hindustan Zinc Limited,13385811
36,HDFCLIFE,HDFC Life Insurance Company Limited,13152030
37,LTI,Larsen & Toubro Infotech Limited,12847335
38,VEDL,Vedanta Limited,12683083
39,PIDILITIND,Pidilite Industries Limited,12514932
40,DIVISLAB,Divi's Laboratories Limited,12419151
41,NTPC,NTPC Limited,12062653
42,SBILIFE,SBI Life Insurance Company Limited,11963126
43,ZOMATO,Zomato Limited,10815290
44,HINDALCO,Hindalco Industries Limited,10686416
45,GRASIM,Grasim Industries Limited,10678061
46,IOC,Indian Oil Corporation Limited,10496787
47,M&M,Mahindra & Mahindra Limited,10407386
48,DABUR,Dabur India Limited,10254452
49,NYKAA,FSN E-Commerce Ventures Limited,9938802
50,GODREJCP,Godrej Consumer Products Limited,9902164
51,SHREECEM,SHREE CEMENT LIMITED,9737274
52,DLF,DLF Limited,9664868
53,BAJAJ-AUTO,Bajaj Auto Limited,9402258
54,COALINDIA,Coal India Limited,9000665
55,SBICARD,SBI Cards and Payment Services Limited,8753276
56,HAVELLS,Havells India Limited,8749454
57,BRITANNIA,Britannia Industries Limited,8685711
58,PAYTM,One 97 Communications Limited,8651536
59,SIEMENS,Siemens Limited,8409246
60,BPCL,Bharat Petroleum Corporation Limited,8361385
61,DRREDDY,Dr. Reddy's Laboratories Limited,8166077
62,ICICIPRULI,ICICI Prudential Life Insurance Company Limited,8060295
63,MINDTREE,MindTree Limited,7877694
64,INDIGO,InterGlobe Aviation Limited,7771419
65,CIPLA,Cipla Limited,7616906
66,BERGEPAINT,Berger Paints (I) Limited,7495969
67,AMBUJACEM,Ambuja Cements Limited,7495811
68,APOLLOHOSP,Apollo Hospitals Enterprise Limited,7208500
69,NAUKRI,Info Edge (India) Limited,7181904
70,SRF,SRF Limited,7173685
71,EICHERMOT,Eicher Motors Limited,7086540
72,TATAPOWER,Tata Power Company Limited,7060103
73,MOTHERSUMI,Motherson Sumi Systems Limited,7051667
74,INDUSINDBK,IndusInd Bank Limited,6879153
75,ICICIGI,ICICI Lombard General Insurance Company Limited,6877493
76,TATACONSUM,TATA CONSUMER PRODUCTS LIMITED,6851276
77,INDUSTOWER,Indus Towers Limited,6691528
78,IRCTC,Indian Railway Catering And Tourism Corporation Limited,6654000
79,MARICO,Marico Limited,6625263
80,MCDOWELL-N,United Spirits Limited,6527032
81,MPHASIS,MphasiS Limited,6367856
82,GLAND,Gland Pharma Limited,6349528
83,PEL,Piramal Enterprises Limited,6310030
84,BAJAJHLDNG,Bajaj Holdings & Investment Limited,6045519
85,MUTHOOTFIN,Muthoot Finance Limited,6002366
86,LODHA,Macrotech Developers Limited,5939622
87,LTTS,L&T Technology Services Limited,5906077
88,GAIL,GAIL (India) Limited,5736978
89,UPL,UPL Limited,5708184
90,TORNTPHARM,Torrent Pharmaceuticals Limited,5547882
91,HDFCAMC,HDFC Asset Management Company Limited,5215003
92,GODREJPROP,Godrej Properties Limited,5203367
93,BEL,Bharat Electronics Limited,5115627
94,BOSCHLTD,Bosch Limited,5108372
95,PGHH,Procter & Gamble Hygiene and Health Care Limited,5018219
96,IDBI,IDBI Bank Limited,4989115
97,CADILAHC,Cadila Healthcare Limited,4946212
98,JSWENERGY,JSW Energy Limited,4940315
99,HEROMOTOCO,Hero MotoCorp Limited,4919405
100,JUBLFOOD,Jubilant Foodworks Limited,4739140
101,ABB,ABB India Limited,4733185
102,PIIND,PI Industries Limited,4603431
103,ASTRAL,Astral Limited,4584597
104,STARHEALTH,Star Health and Allied Insurance Company Limited,4533100
105,PAGEIND,Page Industries Limited,4508569
106,BALKRISIND,Balkrishna Industries Limited,4491532
107,SAIL,Steel Authority of India Limited,4427923
108,IDEA,Vodafone Idea Limited,4410882
109,BIOCON,Biocon Limited,4377988
110,GUJGASLTD,Gujarat Gas Limited,4370245
111,SONACOMS,Sona BLW Precision Forgings Limited,4344955
112,ALKEM,Alkem Laboratories Limited,4333095
113,LUPIN,Lupin Limited,4318277
114,AUROPHARMA,Aurobindo Pharma Limited,4302840
115,MAXHEALTH,Max Healthcare Institute Limited,4294308
116,CHOLAFIN,Cholamandalam Investment and Finance Company Limited,4271997
117,POLICYBZR,PB Fintech Limited,4271597
118,BANKBARODA,Bank of Baroda,4237931
119,UBL,United Breweries Limited,4193598
120,TATACOMM,Tata Communications Limited,4173683
121,ACC,ACC Limited,4160896
122,HINDPETRO,Hindustan Petroleum Corporation Limited,4147126
123,PNB,Punjab National Bank,4107109
124,BANDHANBNK,Bandhan Bank Limited,4070298
125,HAL,Hindustan Aeronautics Limited,4048262
126,TTML,Tata Teleservices (Maharashtra) Limited,4033993
127,VOLTAS,Voltas Limited,4033981
128,COLPAL,Colgate Palmolive (India) Limited,4028923
129,NMDC,NMDC Limited,3906498
130,JINDALSTEL,Jindal Steel & Power Limited,3848282
131,IOB,Indian Overseas Bank,3846641
132,VBL,Varun Beverages Limited,3846633
133,ADANIPOWER,Adani Power Limited,3845368
134,TRENT,Trent Limited,3785941
135,PERSISTENT,Persistent Systems Limited,3748149
136,CONCOR,Container Corporation of India Limited,3744418
137,HONAUT,Honeywell Automation India Limited,3728554
138,POLYCAB,Polycab India Limited,3684677
139,TATAELXSI,Tata Elxsi Limited,3654381
140,AARTIIND,Aarti Industries Limited,3641716
141,CANBK,Canara Bank,3627353
142,ASHOKLEY,Ashok Leyland Limited,3594553
143,COFORGE,Coforge Limited,3585261
144,MINDAIND,Minda Industries Limited,3498422
145,DALBHARAT,Dalmia Bharat Limited,3457951
146,YESBANK,Yes Bank Limited,3432522
147,OFSS,Oracle Financial Services Software Limited,3415794
148,DEEPAKNTR,Deepak Nitrite Limited,3396460
149,TIINDIA,Tube Investments of India Limited,3384887
150,MFSL,Max Financial Services Limited,3383333
151,IGL,Indraprastha Gas Limited,3292804
152,SRTRANSFIN,Shriram Transport Finance Company Limited,3292225
153,DIXON,Dixon Technologies (India) Limited,3269474
154,RELAXO,Relaxo Footwears Limited,3269395
155,AUBANK,AU Small Finance Bank Limited,3252220
156,BHARATFORG,Bharat Forge Limited,3249110
157,PETRONET,Petronet LNG Limited,3246000
158,KANSAINER,Kansai Nerolac Paints Limited,3186093
159,LALPATHLAB,Dr. Lal Path Labs Ltd.,3185650
160,PFC,Power Finance Corporation Limited,3161497
161,OBEROIRLTY,Oberoi Realty Limited,3133524
162,MRF,MRF Limited,3110369
163,NHPC,NHPC Limited,3108938
164,ZEEL,Zee Entertainment Enterprises Limited,3081334
165,IDFCFIRSTB,IDFC First Bank Limited,3004409
166,ABCAPITAL,Aditya Birla Capital Limited,2993671
167,IRFC,Indian Railway Finance Corporation Limited,2986154
168,TVSMOTOR,TVS Motor Company Limited,2978796
169,GLAXO,GlaxoSmithKline Pharmaceuticals Limited,2975871
170,UNIONBANK,Union Bank of India,2966280
171,LAURUSLABS,Laurus Labs Limited,2891750
172,3MINDIA,3M India Limited,2856912
173,SUPREMEIND,Supreme Industries Limited,2831238
174,GMRINFRA,GMR Infrastructure Limited,2761445
175,IPCALAB,IPCA Laboratories Limited,2748631
176,CROMPTON,Crompton Greaves Consumer Electricals Limited,2747358
177,SCHAEFFLER,Schaeffler India Limited,2746068
178,HATSUN,Hatsun Agro Product Limited,2725152
179,TRIDENT,Trident Limited,2718692
180,ATUL,Atul Limited,2674403
181,TORNTPOWER,Torrent Power Limited,2660454
182,FLUOROCHEM,Gujarat Fluorochemicals Limited,2652768
183,CLEAN,Clean Science and Technology Limited,2648410
184,RECLTD,REC Limited,2642440
185,CGPOWER,CG Power and Industrial Solutions Limited,2630011
186,JKCEMENT,JK Cement Limited,2626232
187,CUMMINSIND,Cummins India Limited,2610670
188,ESCORTS,Escorts Limited,2573587
189,TANLA,Tanla Platforms Limited,2555000
190,ISEC,ICICI Securities Limited,2554727
191,ABFRL,Aditya Birla Fashion and Retail Limited,2552752
192,SUNDARMFIN,Sundaram Finance Limited,2541501
193,RUCHI,Ruchi Soya Industries Limited,2522340
194,APLAPOLLO,APL Apollo Tubes Limited,2500555
195,SYNGENE,Syngene International Limited,2484538
196,GICRE,General Insurance Corporation of India,2470195
197,BATAINDIA,Bata India Limited,2405586
198,INDHOTEL,The Indian Hotels Company Limited,2388427
199,ENDURANCE,Endurance Technologies Limited,2382477
200,RAMCOCEM,The Ramco Cements Limited,2372145
201,PFIZER,Pfizer Limited,2312685
202,NIACL,The New India Assurance Company Limited,2311320
203,EMAMILTD,Emami Limited,2307026
204,KPRMILL,K.P.R. Mill Limited,2302727
205,TATACHEM,Tata Chemicals Limited,2278031
206,IEX,Indian Energy Exchange Limited,2271837
207,FORTIS,Fortis Healthcare Limited,2244491
208,WHIRLPOOL,Whirlpool of India Limited,2235164
209,COROMANDEL,Coromandel International Limited,2218980
210,SOLARINDS,Solar Industries India Limited,2191262
211,NAM-INDIA,Nippon Life India Asset Management Limited,2187431
212,RAJESHEXPO,Rajesh Exports Limited,2177395
213,OIL,Oil India Limited,2156882
214,THERMAX,Thermax Limited,2129204
215,GRINDWELL,Grindwell Norton Limited,2122502
216,LINDEINDIA,Linde India Limited,2121317
217,GODREJIND,Godrej Industries Limited,2114759
218,BANKINDIA,Bank of India,2109233
219,CRISIL,CRISIL Limited,2101854
220,NAVINFLUOR,Navin Fluorine International Limited,2074049
221,AAVAS,Aavas Financiers Limited,2064897
222,KAJARIACER,Kajaria Ceramics Limited,2053179
223,BHEL,Bharat Heavy Electricals Limited,2052676
224,VINATIORGA,Vinati Organics Limited,2043410
225,LICHSGFIN,LIC Housing Finance Limited,2033308
226,DEVYANI,Devyani International Limited,1984766
227,INDIAMART,Indiamart Intermesh Limited,1979484
228,SUNTV,Sun TV Network Limited,1970817
229,AJANTPHARM,Ajanta Pharma Limited,1934550
230,SUMICHEM,Sumitomo Chemical India Limited,1926952
231,L&TFH,L&T Finance Holdings Limited,1922227
232,SUNDRMFAST,Sundram Fasteners Limited,1918052
233,HAPPSTMNDS,Happiest Minds Technologies Limited,1904233
234,PRESTIGE,Prestige Estates Projects Limited,1903091
235,BCG,Brightcom Group Limited,1866086
236,CARBORUNIV,Carborundum Universal Limited,1863049
237,NATIONALUM,National Aluminium Company Limited,1854998
238,SKFINDIA,SKF India Limited,1849623
239,CENTRALBK,Central Bank of India,1844700
240,M&MFIN,Mahindra & Mahindra Financial Services Limited,1840322
241,SANOFI,Sanofi India Limited,1816471
242,ALKYLAMINE,Alkyl Amines Chemicals Limited,1811897
243,NUVOCO,Nuvoco Vistas Corporation Limited,1783459
244,AIAENG,AIA Engineering Limited,1766102
245,METROPOLIS,Metropolis Healthcare Limited,1760725
246,FEDERALBNK,The Federal Bank  Limited,1745464
247,INDIANB,Indian Bank,1738636
248,GILLETTE,Gillette India Limited,1714390
249,PHOENIXLTD,The Phoenix Mills Limited,1696210
250,APTUS,Aptus Value Housing Finance India Limited,1689025
251,GRINFRA,G R Infraprojects Limited,1683742
252,KPITTECH,KPIT Technologies Limited,1680364
253,POONAWALLA,Poonawalla Fincorp Limited,1676455
254,GSPL,Gujarat State Petronet Limited,1665270
255,RADICO,Radico Khaitan Limited,1652408
256,NATCOPHARM,Natco Pharma Limited,1649766
257,CHAMBLFERT,Chambal Fertilizers & Chemicals Limited,1643189
258,WABCOINDIA,WABCO India Limited,1611429
259,APLLTD,Alembic Pharmaceuticals Limited,1576240
260,SFL,Sheela Foam Limited,1575026
261,KIOCL,KIOCL Limited,1567694
262,CDSL,Central Depository Services (India) Limited,1567291
263,UCOBANK,UCO Bank,1554275
264,ABSLAMC,Aditya Birla Sun Life AMC Limited,1530288
265,BSOFT,BIRLASOFT LIMITED,1516576
266,AFFLE,Affle (India) Limited,1502339
267,BLUEDART,Blue Dart Express Limited,1500317
268,TIMKEN,Timken India Limited,1495461
269,DCMSHRIRAM,DCM Shriram Limited,1494551
270,GLENMARK,Glenmark Pharmaceuticals Limited,1491400
271,BAJAJELEC,Bajaj Electricals Limited,1474497
272,WELSPUNIND,Welspun India Limited,1437625
273,EXIDEIND,Exide Industries Limited,1430975
274,MANAPPURAM,Manappuram Finance Limited,1393166
275,APOLLOTYRE,Apollo Tyres Limited,1391824
276,JBCHEPHARM,JB Chemicals & Pharmaceuticals Limited,1375389
277,TTKPRESTIG,TTK Prestige Limited,1367705
278,MOTILALOFS,Motilal Oswal Financial Services Limited,1347618
279,VTL,Vardhman Textiles Limited,1337447
280,UTIAMC,UTI Asset Management Company Limited,1336186
281,CENTURYPLY,Century Plyboards (India) Limited,1328372
282,BASF,BASF India Limited,1312031
283,NH,Narayana Hrudayalaya Ltd.,1306887
284,CAMS,Computer Age Management Services Limited,1303815
285,MAHABANK,Bank of Maharashtra,1292255
286,FINPIPE,Finolex Industries Limited,1284387
287,ALOKINDS,Alok Industries Limited,1278549
288,FSL,Firstsource Solutions Limited,1276190
289,QUESS,Quess Corp Limited,1266401
290,IIFLWAM,Iifl Wealth Management Limited,1257003
291,SUVENPHAR,Suven Pharmaceuticals Limited,1255642
292,METROBRAND,Metro Brands Limited,1244047
293,MEDPLUS,Medplus Health Services Limited,1237617
294,KEC,KEC International Limited,1231710
295,CHOLAHLDNG,Cholamandalam Financial Holdings Limited,1224319
296,TATAMTRDVR,Tata Motors Limited,1217102
297,CASTROLIND,Castrol India Limited,1214642
298,HINDCOPPER,Hindustan Copper Limited,1205879
299,SJVN,SJVN Limited,1204482
300,ZYDUSWELL,Zydus Wellness Limited,1199148
301,ZENSARTECH,Zensar Technologies Limited,1179072
302,ASAHIINDIA,Asahi India Glass Limited,1172301
303,SHRIRAMCIT,Shriram City Union Finance Limited,1169343
304,CESC,CESC Limited,1159874
305,STLTECH,Sterlite Technologies Limited,1143761
306,KIMS,Krishna Institute of Medical Sciences Limited,1140916
307,LXCHEM,Laxmi Organic Industries Limited,1139419
308,FINEORG,Fine Organic Industries Limited,1138681
309,REDINGTON,Redington (India) Limited,1131853
310,BRIGADE,Brigade Enterprises Limited,1128189
311,CYIENT,Cyient Limited,1128108
312,ROUTE,ROUTE MOBILE LIMITED,1121275
313,AMBER,Amber Enterprises India Limited,1117352
314,GALAXYSURF,Galaxy Surfactants Limited,1114148
315,LATENTVIEW,Latent View Analytics Limited,1110826
316,LUXIND,Lux Industries Limited,1109314
317,BALAMINES,Balaji Amines Limited,1104809
318,ITI,ITI Limited,1099223
319,BIRLACORPN,Birla Corporation Limited,1094747
320,AMARAJABAT,Amara Raja Batteries Limited,1088332
321,HFCL,HFCL Limited,1084748
322,POWERINDIA,Hitachi Energy India Limited,1070879
323,IIFL,IIFL Finance Limited,1059780
324,KEI,KEI Industries Limited,1052477
325,ERIS,Eris Lifesciences Limited,1032973
326,CENTURYTEX,Century Textiles & Industries Limited,1024864
327,IBULHSGFIN,Indiabulls Housing Finance Limited,1014859
328,INDIGOPNTS,Indigo Paints Limited,1013576
329,SAREGAMA,Saregama India Limited,1011035
330,IDFC,IDFC Limited,1005755
331,JSL,Jindal Stainless Limited,999469
332,INTELLECT,Intellect Design Arena Limited,997192
333,CUB,City Union Bank Limited,995559
334,GODREJAGRO,Godrej Agrovet Limited,994663
335,GRAPHITE,Graphite India Limited,994364
336,ANURAS,Anupam Rasayan India Limited,989981
337,ANGELONE,Angel One Limited,978419
338,BLUESTARCO,Blue Star Limited,974552
339,VAIBHAVGBL,Vaibhav Global Limited,964044
340,ALLCARGO,Allcargo Logistics Limited,958213
341,VGUARD,V-Guard Industries Limited,955082
342,ELGIEQUIP,Elgi Equipments Limited,947875
343,NETWORK18,Network18 Media & Investments Limited,946965
344,JUBLPHARMA,Jubilant Pharmova Limited,934343
345,AKZOINDIA,Akzo Nobel India Limited,931504
346,CREDITACC,CREDITACCESS GRAMEEN LIMITED,931365
347,SONATSOFTW,Sonata Software Limited,920985
348,POLYMED,Poly Medicure Limited,918677
349,CGCL,Capri Global Capital Limited,918290
350,LAXMIMACH,Lakshmi Machine Works Limited,916158
351,JUBLINGREA,Jubilant Ingrevia Limited,913796
352,ECLERX,eClerx Services Limited,911333
353,RATNAMANI,Ratnamani Metals & Tubes Limited,908603
354,SUZLON,Suzlon Energy Limited,907982
355,MASTEK,Mastek Limited,897809
356,MAPMYINDIA,C.E. Info Systems Limited,892485
357,MAHINDCIE,Mahindra CIE Automotive Limited,887737
358,PGHL,Procter & Gamble Health Limited,886141
359,SHYAMMETL,Shyam Metalics and Energy Limited,874544
360,CHEMPLASTS,Chemplast Sanmar Limited,873555
361,DHANI,Dhani Services Limited,872902
362,ASTERDM,Aster DM Healthcare Limited,868154
363,BSE,BSE Limited,865038
364,NLCINDIA,NLC India Limited,860408
365,FACT,Fertilizers and Chemicals Travancore Limited,853164
366,MGL,Mahanagar Gas Limited,852403
367,TCIEXP,TCI Express Limited,851855
368,SOBHA,Sobha Limited,849297
369,KNRCON,KNR Constructions Limited,843282
370,PNBHOUSING,PNB Housing Finance Limited,835091
371,GRANULES,Granules India Limited,833795
372,NBCC,NBCC (India) Limited,828000
373,JSLHISAR,Jindal Stainless (Hisar) Limited,823648
374,BORORENEW,BOROSIL RENEWABLES LIMITED,813150
375,FINCABLES,Finolex Cables Limited,807673
376,RAIN,Rain Industries Limited,806557
377,EIDPARRY,EID Parry India Limited,800634
378,IRB,IRB Infrastructure Developers Limited,799197
379,ORIENTELEC,Orient Electric Limited,797287
380,PVR,PVR Limited,791283
381,HUDCO,Housing & Urban Development Corporation Limited,778739
382,EIHOTEL,EIH Limited,778578
383,AEGISCHEM,Aegis Logistics Limited,776588
384,SAPPHIRE,Sapphire Foods India Limited,774679
385,ASTRAZEN,AstraZeneca Pharma India Limited,774563
386,BBTC,Bombay Burmah Trading Corporation Limited,774084
387,PRINCEPIPE,Prince Pipes And Fittings Limited,774038
388,GLS,Glenmark Life Sciences Limited,773208
389,BALRAMCHIN,Balrampur Chini Mills Limited,771750
390,AVANTIFEED,Avanti Feeds Limited,769447
391,TV18BRDCST,TV18 Broadcast Limited,768891
392,SUNCLAYLTD,Sundaram Clayton Limited,766412
393,RBLBANK,RBL Bank Limited,762201
394,VIPIND,VIP Industries Limited,761935
395,MTARTECH,Mtar Technologies Limited,757624
396,SPARC,Sun Pharma Advanced Research Company Limited,755781
397,MRPL,Mangalore Refinery and Petrochemicals Limited,755370
398,NAZARA,Nazara Technologies Limited,746733
399,VMART,V-Mart Retail Limited,737330
400,CANFINHOME,Can Fin Homes Limited,736276
401,RVNL,Rail Vikas Nigam Limited,724544
402,SUNTECK,Sunteck Realty Limited,719639
403,IBREALEST,Indiabulls Real Estate Limited,719295
404,BDL,Bharat Dynamics Limited,713972
405,TEAMLEASE,Teamlease Services Limited,711961
406,GMMPFAUDLR,GMM Pfaudler Limited,710688
407,PRIVISCL,Privi Speciality Chemicals Limited,710648
408,JMFINANCIL,JM Financial Limited,709809
409,ROSSARI,Rossari Biotech Limited,706602
410,KALYANKJIL,Kalyan Jewellers India Limited,705071
411,SYMPHONY,Symphony Limited,699465
412,DELTACORP,Delta Corp Limited,691998
413,HGS,Hinduja Global Solutions Limited,690800
414,HEG,HEG Limited,690107
415,TATAINVEST,Tata Investment Corporation Limited,685870
416,GNFC,Gujarat Narmada Valley Fertilizers and Chemicals Limited,684853
417,BEML,BEML Limited,684261
418,JUSTDIAL,Just Dial Limited,682884
419,EQUITASBNK,Equitas Small Finance Bank Limited,682541
420,JKLAKSHMI,JK Lakshmi Cement Limited,680427
421,EDELWEISS,Edelweiss Financial Services Limited,678991
422,HOMEFIRST,Home First Finance Company India Limited,678097
423,SIS,SIS LIMITED,675674
424,PNCINFRA,PNC Infratech Limited,675596
425,MMTC,MMTC Limited,663750
426,SUPPETRO,Supreme Petrochem Limited,660213
427,RTNINDIA,RattanIndia Enterprises Limited,657960
428,GARFIBRES,Garware Technical Fibres Limited,655864
429,OLECTRA,Olectra Greentech Limited,655004
430,EPL,EPL Limited,654760
431,PRSMJOHNSN,Prism Johnson Limited,653609
432,PSB,Punjab & Sind Bank,652480
433,CAPLIPOINT,Caplin Point Laboratories Limited,650248
434,HIKAL,Hikal Limited,649487
435,DBL,Dilip Buildcon Limited,647367
436,RENUKA,Shree Renuka Sugars Limited,639611
437,RITES,RITES Limited,634998
438,SCI,Shipping Corporation Of India Limited,628596
439,CERA,Cera Sanitaryware Limited,626402
440,PRAJIND,Praj Industries Limited,615213
441,SWSOLAR,Sterling and Wilson Renewable Energy Limited,613217
442,TRITURBINE,Triveni Turbine Limited,612502
443,NIITLTD,NIIT Limited,603206
444,INDIACEM,The India Cements Limited,595777
445,SUPRAJIT,Suprajit Engineering Limited,595125
446,VIJAYA,Vijaya Diagnostic Centre Limited,593952
447,RHIM,RHI MAGNESITA INDIA LIMITED,590293
448,POLYPLEX,Polyplex Corporation Limited,588766
449,TATVA,Tatva Chintan Pharma Chem Limited,588649
450,THYROCARE,Thyrocare Technologies Limited,585931
451,EASEMYTRIP,Easy Trip Planners Limited,585868
452,GODFRYPHLP,Godfrey Phillips India Limited,585504
453,GOCOLORS,Go Fashion (India) Limited,577896
454,TCI,Transport Corporation of India Limited,577056
455,KRBL,KRBL Limited,572115
456,CCL,CCL Products (India) Limited,571022
457,MAZDOCK,Mazagon Dock Shipbuilders Limited,562312
458,BARBEQUE,Barbeque Nation Hospitality Limited,558866
459,KALPATPOWR,Kalpataru Power Transmission Limited,557739
460,BURGERKING,Burger King India Limited,543908
461,JCHAC,Johnson Controls - Hitachi Air Conditioning India Limited,537129
462,INFIBEAM,Infibeam Avenues Limited,535482
463,TRIVENI,Triveni Engineering & Industries Limited,535246
464,RALLIS,Rallis India Limited,532845
465,JBMA,JBM Auto Limited,532041
466,ESABINDIA,Esab India Limited,516290
467,GREENPANEL,Greenpanel Industries Limited,514790
468,FDC,FDC Limited,513520
469,HEIDELBERG,HeidelbergCement India Limited,512939
470,VARROC,Varroc Engineering Limited,507786
471,JYOTHYLAB,Jyothy Labs Limited,507482
472,AARTIDRUGS,Aarti Drugs Limited,504577
473,ICIL,Indo Count Industries Limited,493499
474,CEATLTD,CEAT Limited,491570
475,VSTIND,VST Industries Limited,489493
476,MAHLOG,Mahindra Logistics Limited,489247
477,GSFC,Gujarat State Fertilizers & Chemicals Limited,484150
478,BHARATRAS,Bharat Rasayan Limited,483590
479,GPPL,Gujarat Pipavav Port Limited,482473
480,BOROLTD,Borosil Limited,482155
481,TCNSBRANDS,TCNS Clothing Co. Limited,481221
482,CRAFTSMAN,Craftsman Automation Limited,477701
483,TEJASNET,Tejas Networks Limited,477596
484,GUJALKALI,Gujarat Alkalies and Chemicals Limited,477504
485,LAOPALA,La Opala RG Limited,470807
486,COCHINSHIP,Cochin Shipyard Limited,468678
487,JINDWORLD,Jindal Worldwide Limited,467213
488,VAKRANGEE,Vakrangee Limited,466668
489,WELCORP,Welspun Corp Limited,465664
490,SHILPAMED,Shilpa Medicare Limited,464477
491,RPOWER,Reliance Power Limited,462417
492,JSWHL,JSW Holdings Limited,460202
493,PHILIPCARB,Phillips Carbon Black Limited,457768
494,WOCKPHARMA,Wockhardt Limited,457502
495,IFBIND,IFB Industries Limited,455735
496,JINDALPOLY,Jindal Poly Films Limited,455116
497,RESPONIND,Responsive Industries Limited,454019
498,DEEPAKFERT,Deepak Fertilizers and Petrochemicals Corporation Limited,449209
499,ISGEC,Isgec Heavy Engineering Limited,446839
500,CHALET,Chalet Hotels Limited,442441
501,GESHIP,The Great Eastern Shipping Company Limited,438254
502,PDSMFL,PDS Multinational Fashions Limited,436309
503,MAHSCOOTER,Maharashtra Scooters Limited,433686
504,INOXLEISUR,INOX Leisure Limited,432285
505,GREENLAM,Greenlam Industries Limited,429326
506,NCC,NCC Limited,429027
507,JPPOWER,Jaiprakash Power Ventures Limited,424914
508,KSB,Ksb Limited,424743
509,IRCON,Ircon International Limited,424643
510,RCF,Rashtriya Chemicals and Fertilizers Limited,420386
511,RELIGARE,Religare Enterprises Limited,420269
512,INDOCO,Indoco Remedies Limited,418639
513,RAYMOND,Raymond Limited,413789
514,NEWGEN,Newgen Software Technologies Limited,412144
515,JAMNAAUTO,Jamna Auto Industries Limited,411015
516,NESCO,Nesco Limited,410676
517,CSBBANK,CSB Bank Limited,408212
518,SANSERA,Sansera Engineering Limited,404200
519,MINDACORP,Minda Corporation Limited,403088
520,STAR,Strides Pharma Science Limited,401374
521,MOIL,MOIL Limited,401321
522,SEQUENT,Sequent Scientific Limited,399753
523,TATACOFFEE,Tata Coffee Limited,398101
524,RATEGAIN,Rategain Travel Technologies Limited,397514
525,RTNPOWER,RattanIndia Power Limited,397388
526,CARTRADE,Cartrade Tech Limited,394672
527,DATAPATTNS,Data Patterns (India) Limited,394287
528,ENGINERSIN,Engineers India Limited,393430
529,TEGA,Tega Industries Limited,393284
530,STARCEMENT,Star Cement Limited,393045
531,GPIL,Godawari Power And Ispat limited,391052
532,SUPRIYA,Supriya Lifescience Limited,389295
533,AMIORG,Ami Organics Limited,389294
534,DHANUKA,Dhanuka Agritech Limited,388650
535,RSYSTEMS,R Systems International Limited,388460
536,GAEL,Gujarat Ambuja Exports Limited,388379
537,HATHWAY,Hathway Cable & Datacom Limited,387653
538,NOCIL,NOCIL Limited,387238
539,SUDARSCHEM,Sudarshan Chemical Industries Limited,386115
540,NEOGEN,Neogen Chemicals Limited,383773
541,EQUITAS,Equitas Holdings Limited,378874
542,VRLLOG,VRL Logistics Limited,378464
543,MANINFRA,Man Infraconstruction Limited,377747
544,MHRIL,Mahindra Holidays & Resorts India Limited,376816
545,VENKEYS,Venky's (India) Limited,375716
546,RAILTEL,Railtel Corporation Of India Limited,375337
547,MAHLIFE,Mahindra Lifespace Developers Limited,374792
548,HGINFRA,H.G. Infra Engineering Limited,371247
549,UFLEX,UFLEX Limited,370192
550,INGERRAND,Ingersoll Rand (India) Limited,369772
551,GLOBUSSPR,Globus Spirits Limited,369235
552,LEMONTREE,Lemon Tree Hotels Limited,369187
553,SOLARA,Solara Active Pharma Sciences Limited,366310
554,ADVENZYMES,Advanced Enzyme Technologies Limited,364552
555,HEMIPROP,Hemisphere Properties India Limited,364230
556,KARURVYSYA,Karur Vysya Bank Limited,364037
557,NILKAMAL,Nilkamal Limited,363610
558,SHOPERSTOP,Shoppers Stop Limited,362065
559,IPL,India Pesticides Limited,361613
560,KSCL,Kaveri Seed Company Limited,360467
561,SOMANYCERA,Somany Ceramics Limited,360458
562,GHCL,GHCL Limited,359234
563,ARVINDFASN,Arvind Fashions Limited,358764
564,SWANENERGY,Swan Energy Limited,356127
565,TASTYBITE,Tasty Bite Eatables Limited,355005
566,TATASTLLP,Tata Steel Long Products Limited,353610
567,CMSINFO,CMS Info Systems Limited,352536
568,RUPA,Rupa & Company Limited,351459
569,JKPAPER,JK Paper Limited,347444
570,GDL,Gateway Distriparks Limited,347418
571,MASFIN,MAS Financial Services Limited,345355
572,TARSONS,Tarsons Products Limited,343181
573,JKTYRE,JK Tyre & Industries Limited,343000
574,GET&D,GE T&D India Limited,342206
575,MAHSEAMLES,Maharashtra Seamless Limited,341631
576,DISHTV,Dish TV India Limited,339712
577,MIDHANI,Mishra Dhatu Nigam Limited,339366
578,J&KBANK,The Jammu & Kashmir Bank Limited,339104
579,HIL,HIL Limited,336999
580,BANARISUG,Bannari Amman Sugars Limited,335362
581,SHAREINDIA,Share India Securities Limited,334923
582,IFCI,IFCI Limited,331822
583,PURVA,Puravankara Limited,329757
584,ICRA,ICRA Limited,327500
585,DODLA,Dodla Dairy Limited,327389
586,ORIENTCEM,Orient Cement Limited,326766
587,PTC,PTC India Limited,322797
588,UJJIVANSFB,Ujjivan Small Finance Bank Limited,321466
589,SHARDACROP,Sharda Cropchem Limited,319561
590,GREAVESCOT,Greaves Cotton Limited,318886
591,STOVEKRAFT,Stove Kraft Limited,318669
592,SURYAROSNI,Surya Roshni Limited,317476
593,SAGCEM,Sagar Cements Limited,316898
594,ROLEXRINGS,Rolex Rings Limited,316492
595,JINDALSAW,Jindal Saw Limited,316077
596,DCAL,Dishman Carbogen Amcis Limited,315996
597,ARVIND,Arvind Limited,314657
598,MFL,Meghmani Finechem Limited,314576
599,DALMIASUG,Dalmia Bharat Sugar and Industries Limited,309714
600,FINOPB,Fino Payments Bank Limited,308642
601,PAISALO,Paisalo Digital Limited,307147
602,SHIL,Somany Home Innovation Limited,305669
603,SUBEXLTD,Subex Limited,304325
604,RKFORGE,Ramkrishna Forgings Limited,303694
605,HCG,Healthcare Global Enterprises Limited,299983
606,APARINDS,Apar Industries Limited,298457
607,INDOSTAR,IndoStar Capital Finance Limited,297501
608,SPANDANA,Spandana Sphoorty Financial Limited,296729
609,GTPL,GTPL Hathway Limited,296115
610,MAITHANALL,Maithan Alloys Limited,295540
611,BAJAJCON,Bajaj Consumer Care Limited,292130
612,ITDC,India Tourism Development Corporation Limited,291745
613,SARDAEN,Sarda Energy & Minerals Limited,289836
614,PARAS,Paras Defence and Space Technologies Limited,289770
615,TINPLATE,The Tinplate Company of India Limited,288883
616,SEAMECLTD,Seamec Limited,287137
617,IOLCP,IOL Chemicals and Pharmaceuticals Limited,283694
618,VALIANTORG,Valiant Organics Limited,283157
619,ASHOKA,Ashoka Buildcon Limited,282267
620,INDIAGLYCO,India Glycols Limited,281316
621,MOL,Meghmani Organics Limited,281017
622,ASTEC,Astec LifeSciences Limited,280612
623,BEPL,Bhansali Engineering Polymers Limited,276731
624,IIFLSEC,IIFL Securities Limited,276546
625,FRETAIL,Future Retail Limited,276294
626,USHAMART,Usha Martin Limited,274572
627,AMRUTANJAN,Amrutanjan Health Care Limited,273745
628,ALEMBICLTD,Alembic Limited,273473
629,OPTIEMUS,Optiemus Infracom Limited,271044
630,HERANBA,Heranba Industries Limited,270031
631,AHLUCONT,Ahluwalia Contracts (India) Limited,269491
632,EKC,Everest Kanto Cylinder Limited,269018
633,SSWL,Steel Strips Wheels Limited,268779
634,BBOX,Black Box Limited,267966
635,KIRLOSENG,Kirloskar Oil Engines Limited,267029
636,KIRLOSBROS,Kirloskar Brothers Limited,265266
637,GTLINFRA,GTL Infrastructure Limited,265045
638,TATAMETALI,Tata Metaliks Limited,264872
639,ACE,Action Construction Equipment Limited,264722
640,TECHNOE,Techno Electric & Engineering Company Limited,264605
641,SHARDAMOTR,Sharda Motor Industries Limited,262560
642,OAL,Oriental Aromatics Limited,258762
643,TIDEWATER,Tide Water Oil Company (India) Limited,258137
644,NFL,National Fertilizers Limited,258044
645,INOXWIND,Inox Wind Limited,256759
646,GRSE,Garden Reach Shipbuilders & Engineers Limited,255852
647,COSMOFILMS,Cosmo Films Limited,253946
648,TVTODAY,TV Today Network Limited,253114
649,SCHNEIDER,Schneider Electric Infrastructure Limited,252853
650,MOREPENLAB,Morepen Laboratories Limited,252816
651,GREENPLY,Greenply Industries Limited,252674
652,RELINFRA,Reliance Infrastructure Limited,252470
653,HCC,Hindustan Construction Company Limited,251919
654,HIMATSEIDE,Himatsingka Seide Limited,247571
655,MARKSANS,Marksans Pharma Limited,246202
656,IMFA,Indian Metals & Ferro Alloys Limited,245410
657,SUBROS,Subros Limited,245156
658,MAYURUNIQ,Mayur Uniquoters Ltd,245088
659,ANANDRATHI,Anand Rathi Wealth Limited,244911
660,JPASSOCIAT,Jaiprakash Associates Limited,244232
661,DCBBANK,DCB Bank Limited,244183
662,MOLDTKPAC,Mold-Tek Packaging Limited,242946
663,TIRUMALCHM,Thirumalai Chemicals Limited,242557
664,INEOSSTYRO,INEOS Styrolution India Limited,242207
665,HINDOILEXP,Hindustan Oil Exploration Company Limited,241371
666,ATFL,Agro Tech Foods Limited,241280
667,DAAWAT,LT Foods Limited,239724
668,TIPSINDLTD,TIPS Industries Limited,239434
669,VSTTILLERS,V.S.T Tillers Tractors Limited,238775
670,DOLLAR,Dollar Industries Limited,237555
671,AUTOAXLES,Automotive Axles Limited,237424
672,JAYNECOIND,Jayaswal Neco Industries Limited,234982
673,GMDCLTD,Gujarat Mineral Development Corporation Limited,234843
674,MSTCLTD,Mstc Limited,231722
675,KRSNAA,Krsnaa Diagnostics Limited,231542
676,GATI,GATI Limited,230874
677,GUFICBIO,Gufic Biosciences Limited,230340
678,KOLTEPATIL,Kolte - Patil Developers Limited,229951
679,ANANTRAJ,Anant Raj Limited,228257
680,GULFOILLUB,Gulf Oil Lubricants India Limited,227503
681,JTEKTINDIA,Jtekt India Limited,227000
682,BOMDYEING,Bombay Dyeing & Mfg Company Limited,226569
683,THOMASCOOK,Thomas Cook  (India)  Limited,225452
684,MTNL,Mahanagar Telephone Nigam Limited,224595
685,BECTORFOOD,Mrs. Bectors Food Specialities Limited,224544
686,CONFIPET,Confidence Petroleum India Limited,219967
687,VESUVIUS,Vesuvius India Limited,219898
688,JAICORPLTD,Jai Corp Limited,219671
689,POKARNA,Pokarna Limited,219400
690,ACRYSIL,Acrysil Limited,219098
691,SHK,S H Kelkar and Company Limited,219047
692,FAIRCHEMOR,Fairchem Organics Limited,218803
693,FILATEX,Filatex India Limited,218507
694,RAMCOIND,Ramco Industries Limited,217394
695,HESTERBIO,Hester Biosciences Limited,215381
696,IGPL,IG Petrochemicals Limited,213501
697,EVEREADY,Eveready Industries India Limited,213010
698,MATRIMONY,Matrimony.Com Limited,212212
699,APOLLOPIPE,Apollo Pipes Limited,212195
700,PFOCUS,Prime Focus Limited,210222
701,BALMLAWRIE,Balmer Lawrie & Company Limited,208454
702,ELECON,Elecon Engineering Company Limited,206785
703,JISLJALEQS,Jain Irrigation Systems Limited,206488
704,BUTTERFLY,Butterfly Gandhimathi Appliances Limited,205990
705,PILANIINVS,Pilani Investment and Industries Corporation Limited,205872
706,LGBBROSLTD,LG Balakrishnan & Bros Limited,204631
707,DHAMPURSUG,Dhampur Sugar Mills Limited,204075
708,RAJRATAN,Rajratan Global Wire Limited,203505
709,SIYSIL,Siyaram Silk Mills Limited,203088
710,ASTRAMICRO,Astra Microwave Products Limited,202845
711,NAVNETEDUL,Navneet Education Limited,202318
712,GRAVITA,Gravita India Limited,202247
713,VOLTAMP,Voltamp Transformers Limited,201538
714,DEN,Den Networks Limited,200673
715,NURECA,Nureca Limited,200504
716,GABRIEL,Gabriel India Limited,199881
717,SAFARI,Safari Industries (India) Limited,199558
718,SASKEN,Sasken Technologies Limited,198355
719,NEULANDLAB,Neuland Laboratories Limited,198228
720,DIAMONDYD,Prataap Snacks Limited,198096
721,VIDHIING,Vidhi Specialty Food Ingredients Limited,197458
722,SWARAJENG,Swaraj Engines Limited,196460
723,KIRIINDUS,Kiri Industries Limited,194638
724,BLS,BLS International Services Limited,193528
725,BAJAJHIND,Bajaj Hindusthan Sugar Limited,193520
726,WABAG,VA Tech Wabag Limited,192479
727,KTKBANK,The Karnataka Bank Limited,191429
728,GOKEX,Gokaldas Exports Limited,191346
729,TIIL,Technocraft Industries (India) Limited,191180
730,RPSGVENT,RPSG VENTURES LIMITED,190100
731,MAXVIL,Max Ventures and Industries Limited,189454
732,HERITGFOOD,Heritage Foods Limited,189257
733,HSCL,Himadri Speciality Chemical Limited,189163
734,THANGAMAYL,Thangamayil Jewellery Limited,188720
735,SHRIPISTON,Shriram Pistons & Rings Limited,187972
736,MANALIPETC,Manali Petrochemicals Limited,187393
737,APCOTEXIND,Apcotex Industries Limited,186383
738,SOUTHBANK,The South Indian Bank Limited,185208
739,NACLIND,NACL Industries Limited,184756
740,GOLDIAM,Goldiam International Limited,183786
741,KINGFA,Kingfa Science & Technology (India) Limited,183316
742,ANDHRSUGAR,The Andhra Sugars Limited,182973
743,CARERATING,CARE Ratings Limited,182439
744,RGL,Renaissance Global Limited,182139
745,DATAMATICS,Datamatics Global Services Limited,180385
746,NAHARSPING,Nahar Spinning Mills Limited,179894
747,GEOJITFSL,Geojit Financial Services Limited,179801
748,STYLAMIND,Stylam Industries Limited,179327
749,PUNJABCHEM,Punjab Chemicals & Crop Protection Limited,179218
750,KCP,KCP Limited,178943
751,MUKANDLTD,Mukand Limited,178808
752,GENUSPOWER,Genus Power Infrastructures Limited,178067
753,LSIL,Lloyds Steels Industries Limited,176970
754,EXPLEOSOL,Expleo Solutions Limited,176563
755,ASHIANA,Ashiana Housing Limited,175431
756,UNICHEMLAB,Unichem Laboratories Limited,175134
757,MMFL,MM Forgings Limited,175105
758,PSPPROJECT,PSP Projects Limited,174726
759,HBLPOWER,HBL Power Systems Limited,174494
760,SUNDARMHLD,Sundaram Finance Holdings Limited,172575
761,HUHTAMAKI,Huhtamaki India Limited,171926
762,TIMETECHNO,Time Technoplast Limited,171872
763,ZENTEC,Zen Technologies Limited,171742
764,GEPIL,GE Power India Limited,169077
765,APTECHT,Aptech Limited,168117
766,PGEL,PG Electroplast Limited,167704
767,REPCOHOME,Repco Home Finance Limited,167477
768,CAMLINFINE,Camlin Fine Sciences Limited,166045
769,DPSCLTD,DPSC Limited,165057
770,NELCO,NELCO Limited,164829
771,DBCORP,D.B.Corp Limited,164476
772,JAGRAN,Jagran Prakashan Limited,163334
773,JSWISPL,JSW Ispat Special Products Limited,162698
774,NUCLEUS,Nucleus Software Exports Limited,162657
775,ADFFOODS,ADF Foods Limited,161633
776,ORCHPHARMA,Orchid Pharma Limited,161184
777,UJJIVAN,Ujjivan Financial Services Limited,160433
778,NBVENTURES,Nava Bharat Ventures Limited,159828
779,ACCELYA,Accelya Solutions India Limited,159039
780,ELECTCAST,Electrosteel Castings Limited,157163
781,3IINFOLTD,3i Infotech Limited,156333
782,GNA,GNA Axles Limited,155978
783,WSTCSTPAPR,West Coast Paper Mills Limited,155611
784,NRBBEARING,NRB Bearing Limited,154640
785,SURYODAY,Suryoday Small Finance Bank Limited,154598
786,SASTASUNDR,Sastasundar Ventures Limited,154472
787,JMCPROJECT,JMC Projects (India)  Limited,154221
788,STEELXIND,STEEL EXCHANGE INDIA LIMITED,153658
789,FCL,Fineotex Chemical Limited,153442
790,SOTL,Savita Oil Technologies Limited,153223
791,INDORAMA,Indo Rama Synthetics (India) Limited,153012
792,PATELENG,Patel Engineering Limited,152875
793,CHENNPETRO,Chennai Petroleum Corporation Limited,152858
794,SHALBY,Shalby Limited,152240
795,IGARASHI,Igarashi Motors India Limited,152024
796,SANDHAR,Sandhar Technologies Limited,151982
797,SHIVALIK,Shivalik Rasayan Limited,151978
798,CIGNITITEC,Cigniti Technologies Limited,151792
799,GOCLCORP,GOCL Corporation Limited,151667
800,TVSSRICHAK,TVS Srichakra Limited,151426
801,MIRZAINT,Mirza International Limited,151405
802,SANGAMIND,Sangam (India) Limited,151042
803,KABRAEXTRU,Kabra Extrusion Technik Limited,150691
804,PANAMAPET,Panama Petrochem Limited,150296
805,FCONSUMER,Future Consumer Limited,149778
806,WHEELS,Wheels India Limited,149272
807,GMBREW,GM Breweries Limited,149008
808,FIEMIND,Fiem Industries Limited,148969
809,DFMFOODS,DFM Foods Limited,147759
810,TARC,TARC Limited,147106
811,SIRCA,Sirca Paints India Limited,146819
812,KIRLOSIND,Kirloskar Industries Limited,146760
813,NITINSPIN,Nitin Spinners Limited,146397
814,SHRIRAMPPS,Shriram Properties Limited,145961
815,GREENPOWER,Orient Green Power Company Limited,145640
816,DYNAMATECH,Dynamatic Technologies Limited,145416
817,RAMCOSYS,Ramco Systems Limited,145393
818,BFUTILITIE,BF Utilities Limited,145190
819,SBCL,Shivalik Bimetal Controls Limited,144817
820,KKCL,Kewal Kiran Clothing Limited,144480
821,QUICKHEAL,Quick Heal Technologies Limited,143501
822,GALLISPAT,Gallantt Ispat Limited,142733
823,WELENT,Welspun Enterprises Limited,142532
824,SANGHIIND,Sanghi Industries Limited,140560
825,KOPRAN,Kopran Limited,140030
826,INSECTICID,Insecticides (India) Limited,139662
827,TDPOWERSYS,TD Power Systems Limited,139499
828,KSL,Kalyani Steels Limited,139275
829,OMAXE,Omaxe Limited,138730
830,ITDCEM,ITD Cementation India Limited,138461
831,UGROCAP,Ugro Capital Limited,138342
832,POWERMECH,Power Mech Projects Limited,138068
833,ORISSAMINE,The Orissa Minerals Development Company Limited,137808
834,PRECAM,Precision Camshafts Limited,137729
835,BODALCHEM,Bodal Chemicals Limited,136751
836,HSIL,HSIL Limited,136285
837,PRICOLLTD,Pricol Limited,135410
838,HMT,HMT Limited,135067
839,CHEMCON,Chemcon Speciality Chemicals Limited,134508
840,DWARKESH,Dwarikesh Sugar Industries Limited,134447
841,RAMKY,Ramky Infrastructure Limited,134348
842,SUTLEJTEX,Sutlej Textiles and Industries Limited,133602
843,CENTRUM,Centrum Capital Limited,133547
844,VINDHYATEL,Vindhya Telelinks Limited,133180
845,HONDAPOWER,Honda India Power Products Limited,132540
846,CANTABIL,Cantabil Retail India Limited,131445
847,ALICON,Alicon Castalloy Limited,131199
848,TI,Tilaknagar Industries Limited,130949
849,RIIL,Reliance Industrial Infrastructure Limited,129769
850,KITEX,Kitex Garments Limited,129675
851,GULPOLY,Gulshan Polyols Limited,128529
852,PFS,PTC India Financial Services Limited,125888
853,NXTDIGITAL,NXTDIGITAL LIMITED,125494
854,PCJEWELLER,PC Jeweller Limited,125426
855,SUNFLAG,Sunflag Iron And Steel Company Limited,125162
856,GIPCL,Gujarat Industries Power Company Limited,124858
857,MONTECARLO,Monte Carlo Fashions Limited,124693
858,BANCOINDIA,Banco Products (I) Limited,123513
859,SIGACHI,Sigachi Industries Limited,122632
860,THEJO,Thejo Engineering Limited,122451
861,JKIL,J.Kumar Infraprojects Limited,122389
862,XCHANGING,Xchanging Solutions Limited,121709
863,PANACEABIO,Panacea Biotec Limited,121675
864,SHANKARA,Shankara Building Products Limited,121558
865,BFINVEST,BF Investment Limited,121252
866,PNBGILTS,PNB Gilts Limited,120517
867,FMGOETZE,Federal-Mogul Goetze (India) Limited.,119720
868,5PAISA,5Paisa Capital Limited,118647
869,AVTNPL,AVT Natural Products Limited,118096
870,CAPACITE,Capacit'e Infraprojects Limited,117656
871,KDDL,KDDL Limited,117569
872,SHAKTIPUMP,Shakti Pumps (India) Limited,117422
873,WONDERLA,Wonderla Holidays Limited,116515
874,SJS,S.J.S. Enterprises Limited,116318
875,DCW,DCW Limited,115636
876,BAJAJHCARE,Bajaj Healthcare Limited,114202
877,JUBLINDS,Jubilant Industries Limited,113943
878,CLNINDIA,Clariant Chemicals (India) Limited,113620
879,IFGLEXPOR,IFGL Refractories Limited,113578
880,SHANTIGEAR,Shanthi Gears Limited,113424
881,MPSLTD,MPS Limited,113419
882,SUVEN,Suven Life Sciences Limited,113409
883,DBREALTY,D B Realty Limited,113359
884,SPIC,Southern Petrochemicals Industries Corporation  Limited,113122
885,JYOTISTRUC,Jyoti Structures Limited,111994
886,EXCELINDUS,Excel Industries Limited,111527
887,GANECOS,Ganesha Ecosphere Limited,111199
888,SPAL,S. P. Apparels Limited,111185
889,LUMAXIND,Lumax Industries Limited,111154
890,TWL,Titagarh Wagons Limited,111022
891,SINTEX,Sintex Industries Limited,110855
892,AMBIKCO,Ambika Cotton Mills Limited,110836
893,XPROINDIA,Xpro India Limited,110728
894,DIGISPICE,DiGiSPICE Technologies Limited,109458
895,EQUIPPP,Equippp Social Impact Technologies Limited,108920
896,SMSPHARMA,SMS Pharmaceuticals Limited,108778
897,BBL,Bharat Bijlee Limited,108468
898,MEDICAMEQ,Medicamen Biotech Limited,108435
899,RSWM,RSWM Limited,108322
900,KBCGLOBAL,KBC Global Limited,108240
901,GANESHHOUC,Ganesh Housing Corporation Limited,108052
902,BHAGERIA,Bhageria Industries Limited,107976
903,ONMOBILE,OnMobile Global Limited,107903
904,RCOM,Reliance Communications Limited,107856
905,BLISSGVS,Bliss GVS Pharma Limited,107514
906,TEXRAIL,Texmaco Rail & Engineering Limited,107183
907,SHRIRAMEPC,Shriram EPC Limited,106868
908,ESTER,Ester Industries Limited,106786
909,PARAGMILK,Parag Milk Foods Limited,106630
910,LUMAXTECH,Lumax Auto Technologies Limited,106530
911,URJA,Urja Global Limited,105245
912,63MOONS,63 moons technologies limited,105128
913,EIHAHOTELS,EIH Associated Hotels Limited,104612
914,VISHNU,Vishnu Chemicals Limited,104384
915,ASAL,Automotive Stampings and Assemblies Limited,104364
916,SAKSOFT,Saksoft Limited,103920
917,SHREDIGCEM,Shree Digvijay Cement Co.Ltd,103792
918,MANGLMCEM,Mangalam Cement Limited,102744
919,VSSL,Vardhman Special Steels Limited,102705
920,FLFL,Future Lifestyle Fashions Limited,102703
921,VISAKAIND,Visaka Industries Limited,102701
922,RPGLIFE,RPG Life Sciences Limited,102261
923,SANGHVIMOV,Sanghvi Movers Limited,102181
924,JETAIRWAYS,Jet Airways (India) Limited,101840
925,IMPAL,India Motor Parts and Accessories Limited,101319
926,PARSVNATH,Parsvnath Developers Limited,100962
927,WENDT,Wendt (India) Limited,100890
928,KESORAMIND,Kesoram Industries Limited,100782
929,INFOBEAN,InfoBeans Technologies Limited,100696
930,ANUP,The Anup Engineering Limited,100145
931,TTKHLTCARE,TTK Healthcare Limited,99866
932,AJMERA,Ajmera Realty & Infra India Limited,99659
933,TNPETRO,Tamilnadu PetroProducts Limited,99598
934,ZOTA,Zota Health Care LImited,99484
935,CENTENKA,Century Enka Limited,99180
936,PRAKASH,Prakash Industries Limited,97600
937,OCCL,Oriental Carbon & Chemicals Limited,97498
938,ALLSEC,Allsec Technologies Limited,97487
939,CEREBRAINT,Cerebra Integrated Technologies Limited,97252
940,DPABHUSHAN,D. P. Abhushan Limited,97009
941,NCLIND,NCL Industries Limited,96662
942,ADORWELD,Ador Welding Limited,96474
943,SVPGLOB,SVP Global Ventures Limited,96456
944,VHL,Vardhman Holdings Limited,94936
945,ISMTLTD,ISMT Limited,94933
946,SRIPIPES,Srikalahasthi Pipes Limited,94494
947,INDIANHUME,Indian Hume Pipe Company Limited,94302
948,SESHAPAPER,Seshasayee Paper and Boards Limited,94192
949,UNIDT,United Drilling Tools Limited,93638
950,GOODLUCK,Goodluck India Limited,93583
951,APEX,Apex Frozen Foods Limited,93234
952,UNITECH,Unitech Limited,92879
953,AWHCL,Antony Waste Handling Cell Limited,92655
954,SMLISUZU,SML Isuzu Limited,92011
955,ASALCBR,Associated Alcohols & Breweries Ltd.,91833
956,ARVSMART,Arvind SmartSpaces Limited,91540
957,AVADHSUGAR,Avadh Sugar & Energy Limited,91344
958,UNIENTER,Uniphos Enterprises Limited,90966
959,FOSECOIND,Foseco India Limited,90758
960,GENESYS,Genesys International Corporation Limited,90711
961,VIMTALABS,Vimta Labs Limited,90432
962,ASHAPURMIN,Ashapura Minechem Limited,90205
963,COFFEEDAY,Coffee Day Enterprises Limited,90204
964,GOKULAGRO,Gokul Agro Resources Limited,89491
965,SPENCERS,Spencer's Retail Limited,89463
966,MANORG,Mangalam Organics Limited,89408
967,RANEHOLDIN,Rane Holdings Limited,89186
968,TEXINFRA,Texmaco Infrastructure & Holdings Limited,88689
969,DREDGECORP,Dredging Corporation of India Limited,88452
970,SATIA,Satia Industries Limited,88200
971,SPTL,Sintex Plastics Technology Limited,87788
972,THEMISMED,Themis Medicare Limited,86839
973,ANDHRAPAP,ANDHRA PAPER LIMITED,86699
974,SMCGLOBAL,SMC Global Securities Limited,86095
975,ARSHIYA,Arshiya Limited,85895
976,EVERESTIND,Everest Industries Limited,85669
977,MANGCHEFER,Mangalore Chemicals & Fertilizers Limited,84679
978,TNPL,Tamil Nadu Newsprint & Papers Limited,84541
979,IWEL,Inox Wind Energy Limited,84173
980,ZEEMEDIA,Zee Media Corporation Limited,83495
981,PRECWIRE,Precision Wires India Limited,83489
982,RADIOCITY,Music Broadcast Limited,83310
983,DHARAMSI,The Dharamsi Morarji Chemical Company Limited,82988
984,FCSSOFT,FCS Software Solutions Limited,82913
985,INDNIPPON,India Nippon Electricals Limited,82908
986,DECCANCE,Deccan Cements Limited,82476
987,BINDALAGRO,Oswal Chemicals & Fertilizers Limited,82436
988,ENIL,Entertainment Network (India) Limited,81826
989,EMAMIPAP,Emami Paper Mills Limited,81825
990,BHAGCHEM,Bhagiradha Chemicals & Industries Limited,81526
991,DVL,Dhunseri Ventures Limited,81170
992,SKIPPER,Skipper Limited,80904
993,YAARI,Yaari Digital Integrated Services Limited,80884
994,GICHSGFIN,GIC Housing Finance Limited,80830
995,AARTISURF,Aarti Surfactants Limited,80301
996,TAJGVK,Taj GVK Hotels & Resorts Limited,80133
997,NSIL,Nalwa Sons Investments Limited,79649
998,GFLLIMITED,GFL Limited,79641
999,ASIANTILES,Asian Granito India Limited,79424
1000,SUULD,Suumaya Industries Limited,79376
1001,KICL,Kalyani Investment Company Limited,78473
1002,APCL,Anjani Portland Cement Limited,77627
1003,CENTUM,Centum Electronics Limited,77186
1004,BCLIND,Bcl Industries Limited,76254
1005,JAYBARMARU,Jay Bharat Maruti Limited,76186
1006,DCMSRIND,DCM Shriram Industries Limited,76031
1007,UNIVPHOTO,Universus Photo Imagings Limited,75827
1008,PGIL,Pearl Global Industries Limited,75770
1009,RUSHIL,Rushil Decor Limited,75648
1010,PITTIENG,Pitti Engineering Limited,75173
1011,ADSL,Allied Digital Services Limited,75102
1012,VLSFINANCE,VLS Finance Limited,74830
1013,NDTV,New Delhi Television Limited,74754
1014,HCL-INSYS,HCL Infosystems Limited,74566
1015,HEXATRADEX,Hexa Tradex Limited,74083
1016,ARMANFIN,Arman Financial Services Limited,73983
1017,HPAL,HP Adhesives Limited,73849
1018,TAKE,Take Solutions Limited,72340
1019,NAGAFERT,Nagarjuna Fertilizers and Chemicals Limited,72067
1020,LINCOLN,Lincoln Pharmaceuticals Limited,71650
1021,SUMMITSEC,Summit Securities Limited,71183
1022,YUKEN,Yuken India Limited,70860
1023,ARIHANTSUP,Arihant Superstructures Limited,70651
1024,NELCAST,Nelcast Limited,70297
1025,DYNPRO,Dynemic Products Limited,70248
1026,KANORICHEM,Kanoria Chemicals & Industries Limited,70062
1027,INDRAMEDCO,Indraprastha Medical Corporation Limited,69809
1028,ORIENTHOT,Oriental Hotels Limited,69654
1029,NAHARPOLY,Nahar Poly Films Limited,69031
1030,UTTAMSUGAR,Uttam Sugar Mills Limited,68897
1031,KUANTUM,Kuantum Papers Limited,68895
1032,SALASAR,Salasar Techno Engineering Limited,68412
1033,LIKHITHA,Likhitha Infrastructure Limited,68051
1034,SNOWMAN,Snowman Logistics Limited,67671
1035,AURIONPRO,Aurionpro Solutions Limited,67374
1036,ORIENTPPR,Orient Paper & Industries Limited,66945
1037,REPRO,Repro India Limited,66894
1038,HLVLTD,HLV LIMITED,65596
1039,BLKASHYAP,B. L. Kashyap and Sons Limited,65490
1040,VADILALIND,Vadilal Industries Limited,65438
1041,SHREEPUSHK,Shree Pushkar Chemicals & Fertilisers Limited,65404
1042,SADBHAV,Sadbhav Engineering Limited,65025
1043,STERTOOLS,Sterling Tools Limited,64826
1044,MIRCELECTR,MIRC Electronics Limited,64782
1045,EXXARO,Exxaro Tiles Limited,64651
1046,KRITI,Kriti Industries (India) Limited,64509
1047,ONWARDTEC,Onward Technologies Limited,64400
1048,HTMEDIA,HT Media Limited,64239
1049,SATIN,Satin Creditcare Network Limited,64135
1050,NAVKARCORP,Navkar Corporation Limited,63895
1051,LYKALABS,Lyka Labs Limited,63778
1052,RBL,Rane Brake Lining Limited,63733
1053,DELPHIFX,DELPHI WORLD MONEY LIMITED,63635
1054,DLINKINDIA,D-Link (India) Limited,63447
1055,STCINDIA,The State Trading Corporation of India Limited,63300
1056,JAIBALAJI,Jai Balaji Industries Limited,63289
1057,JAYAGROGN,Jayant Agro Organics Limited,63240
1058,HITECH,Hi-Tech Pipes Limited,63106
1059,SHALPAINTS,Shalimar Paints Limited,62907
1060,ORICONENT,Oricon Enterprises Limited,62662
1061,BALAJITELE,Balaji Telefilms Limited,62448
1062,GANESHBE,Ganesh Benzoplast Limited,62391
1063,CYBERTECH,Cybertech Systems And Software Limited,62304
1064,KOKUYOCMLN,Kokuyo Camlin Limited,62289
1065,KHAICHEM,Khaitan Chemicals & Fertilizers Limited,62219
1066,BGRENERGY,BGR Energy Systems Limited,61915
1067,MSPL,MSP Steel & Power Limited,61859
1068,BETA,Beta Drugs Limited,61552
1069,VASCONEQ,Vascon Engineers Limited,61392
1070,NAHARCAP,Nahar Capital and Financial Services Limited,60906
1071,KELLTONTEC,Kellton Tech Solutions Limited,60818
1072,WINDLAS,Windlas Biotech Limited,60142
1073,NECLIFE,Nectar Lifesciences Limited,60102
1074,STEELCAS,Steelcast Limited,59698
1075,PLASTIBLEN,Plastiblends India Limited,59593
1076,GALLANTT,Gallantt Metal Limited,59203
1077,IFBAGRO,IFB Agro Industries Limited,58928
1078,RICOAUTO,Rico Auto Industries Limited,58781
1079,RML,Rane (Madras) Limited,58416
1080,KAMDHENU,Kamdhenu Limited,58248
1081,MUTHOOTCAP,Muthoot Capital Services Limited,57961
1082,KPIGLOBAL,K.P.I. Global Infrastructure Limited,57860
1083,XELPMOC,Xelpmoc Design And Tech Limited,57692
1084,NDL,Nandan Denim Limited,57491
1085,WEBELSOLAR,Websol Energy System Limited,57361
1086,MANINDS,Man Industries (India) Limited,57189
1087,MEGASOFT,Megasoft Limited,56987
1088,RAMASTEEL,Rama Steel Tubes Limited,56948
1089,SRHHYPOLTD,Sree Rayalaseema Hi-Strength Hypo Limited,56798
1090,SANDESH,The Sandesh Limited,56074
1091,NBIFIN,N. B. I. Industrial Finance Company Limited,55966
1092,KAYA,Kaya Limited,55738
1093,V2RETAIL,V2 Retail Limited,55728
1094,PROZONINTU,Prozone Intu Properties Limited,55547
1095,UNIVCABLES,Universal Cables Limited,55470
1096,GAYAPROJ,Gayatri Projects Limited,55317
1097,CONTROLPR,Control Print Limited,55316
1098,ARTEMISMED,Artemis Medicare Services Limited,55267
1099,MINDTECK,Mindteck (India) Limited,54876
1100,VENUSREM,Venus Remedies Limited,54644
1101,CREATIVE,Creative Newtech Limited,54006
1102,TFCILTD,Tourism Finance Corporation of India Limited,53681
1103,SARLAPOLY,Sarla Performance Fibers Limited,53275
1104,OSWALAGRO,Oswal Agro Mills Limited,53090
1105,HMVL,Hindustan Media Ventures Limited,52896
1106,SADBHIN,Sadbhav Infrastructure Project Limited,52834
1107,VISHWARAJ,Vishwaraj Sugar Industries Limited,52766
1108,TBZ,Tribhovandas Bhimji Zaveri Limited,52517
1109,MUNJALAU,Munjal Auto Industries Limited,52300
1110,BASML,Bannari Amman Spinning Mills Limited,52230
1111,AGARIND,Agarwal Industrial Corporation Limited,52135
1112,DCMNVL,DCM Nouvelle Limited,51877
1113,ROSSELLIND,Rossell India Limited,51760
1114,ASIANENE,Asian Energy Services Limited,51515
1115,SHREYAS,Shreyas Shipping & Logistics Limited,51457
1116,HITECHCORP,Hitech Corporation Limited,51373
1117,THEINVEST,The Investment Trust Of India Limited,51366
1118,JASH,Jash Engineering Limited,51364
1119,BALAXI,BALAXI PHARMACEUTICALS LIMITED,51310
1120,MANAKSIA,Manaksia Limited,51182
1121,PENIND,Pennar Industries Limited,50965
1122,MARATHON,Marathon Nextgen Realty Limited,50853
1123,TRIGYN,Trigyn Technologies Limited,50827
1124,ZUARI,Zuari Agro Chemicals Limited,50407
1125,NATHBIOGEN,Nath Bio-Genes (India) Limited,50247
1126,CLSEL,Chaman Lal Setia Exports Limited,50207
1127,DEEPINDS,Deep Industries Limited,50192
1128,ZEELEARN,Zee Learn Limited,50055
1129,ORIENTBELL,Orient Bell Limited,49420
1130,KRISHANA,Krishana Phoschem Limited,48919
1131,AYMSYNTEX,AYM Syntex Limited,48875
1132,MARINE,Marine Electricals (India) Limited,48821
1133,CONSOFINVT,Consolidated Finvest & Holdings Limited,48748
1134,MUNJALSHOW,Munjal Showa Limited,48514
1135,HUBTOWN,Hubtown Limited,48406
1136,INTLCONV,International Conveyors Limited,48330
1137,NAHARINDUS,Nahar Industrial Enterprises Limited,48220
1138,TALBROAUTO,Talbros Automotive Components Limited,48210
1139,GANDHITUBE,Gandhi Special Tubes Limited,47767
1140,HINDCOMPOS,Hindustan Composites Limited,47490
1141,ANDHRACEMT,Andhra Cements Limited,47404
1142,KHADIM,Khadim India Limited,47332
1143,JAGSNPHARM,Jagsonpal Pharmaceuticals Limited,46868
1144,TCPLPACK,TCPL Packaging Limited,46842
1145,TRIL,Transformers And Rectifiers (India) Limited,46795
1146,HITECHGEAR,The Hi-Tech Gears Limited,46732
1147,MADRASFERT,Madras Fertilizers Limited,46236
1148,JPINFRATEC,Jaypee Infratech Limited,45835
1149,ROHITFERRO,Rohit Ferro-Tech Limited,45738
1150,MENONBE,Menon Bearings Limited,45224
1151,HPL,HPL Electric & Power Limited,45107
1152,SECURKLOUD,SECUREKLOUD TECHNOLOGIES LIMITED,45025
1153,HERCULES,Hercules Hoists Limited,44960
1154,AURUM,Aurum PropTech Limited,44433
1155,FOODSIN,Foods & Inns Limited,44348
1156,NRAIL,N R Agarwal Industries Limited,44165
1157,FEL,Future Enterprises Limited,44128
1158,SWELECTES,Swelect Energy Systems Limited,43794
1159,CREST,Crest Ventures Limited,43770
1160,RUBYMILLS,The Ruby Mills Limited,43464
1161,KREBSBIO,Krebs Biochemicals and Industries Limited,43412
1162,VINYLINDIA,Vinyl Chemicals (India) Limited,43376
1163,PENINLAND,Peninsula Land Limited,43137
1164,MARALOVER,Maral Overseas Limited,42940
1165,VARDHACRLC,Vardhman Acrylics Limited,42392
1166,SPECIALITY,Speciality Restaurants Limited,41957
1167,GINNIFILA,Ginni Filaments Limited,41883
1168,PASUPTAC,Pasupati Acrylon Limited,41848
1169,ATULAUTO,Atul Auto Limited,41846
1170,BIGBLOC,Bigbloc Construction Limited,41765
1171,SREEL,Sreeleathers Limited,41725
1172,GOKUL,Gokul Refoils and Solvent Limited,41578
1173,PTL,PTL Enterprises Limited,41368
1174,KSOLVES,Ksolves India Limited,41277
1175,ARIHANTCAP,Arihant Capital Markets Limited,41031
1176,BIL,Bhartiya International Limited,40992
1177,ZUARIGLOB,Zuari Global Limited,40746
1178,AXISCADES,AXISCADES Technologies Limited,40554
1179,SITINET,Siti Networks Limited,40551
1180,MAXIND,Max India Limited,40205
1181,INDSWFTLAB,Ind-Swift Laboratories Limited,40150
1182,SOUTHWEST,South West Pinnacle Exploration Limited,40110
1183,REPL,Rudrabhishek Enterprises Limited,39957
1184,GTL,GTL Limited,39246
1185,BANSWRAS,Banswara Syntex Limited,39221
1186,SHIVAMAUTO,Shivam Autotech Limited,39172
1187,HIRECT,Hind Rectifiers Limited,39132
1188,CEBBCO,Commercial Engineers & Body Builders Co Limited,39104
1189,KILITCH,Kilitch Drugs (India) Limited,38886
1190,MEP,MEP Infrastructure Developers Limited,38707
1191,SHYAMCENT,Shyam Century Ferrous Limited,38658
1192,LGBFORGE,LGB Forge Limited,38589
1193,SCHAND,S Chand And Company Limited,38407
1194,MBAPL,Madhya Bharat Agro Products Limited,38392
1195,JINDRILL,Jindal Drilling And Industries Limited,38183
1196,DHUNINV,Dhunseri Investments Limited,38101
1197,RANASUG,Rana Sugars Limited,38008
1198,MMP,MMP Industries Limited,37799
1199,DUCON,Ducon Infratechnologies Limited,37720
1200,KOTHARIPET,Kothari Petrochemicals Limited,37632
1201,VIKASLIFE,Vikas Lifecare Limited,37620
1202,GKWLIMITED,GKW Limited,37499
1203,GSCLCEMENT,Gujarat Sidhee Cement Limited,37478
1204,DHANBANK,Dhanlaxmi Bank Limited,37446
1205,AKSHARCHEM,AksharChem India Limited,37092
1206,BHARATWIRE,Bharat Wire Ropes Limited,36903
1207,BPL,BPL Limited,36884
1208,NIPPOBATRY,Indo-National Limited,36454
1209,EIFFL,Euro India Fresh Foods Limited,36369
1210,RELCAPITAL,Reliance Capital Limited,36264
1211,DICIND,DIC India Limited,36239
1212,BAFNAPH,Bafna Pharmaceuticals Limited,36088
1213,ASHIMASYN,Ashima Limited,36032
1214,INDOWIND,Indowind Energy Limited,36031
1215,ORIENTABRA,Orient Abrasives Limited,35952
1216,RNAVAL,Reliance Naval and Engineering Limited,35773
1217,EMAMIREAL,Emami Realty Limited,35744
1218,MAGADSUGAR,Magadh Sugar & Energy Limited,35743
1219,LINC,Linc Limited,35537
1220,ASAHISONG,Asahi Songwon Colors Limited,35402
1221,GOACARBON,Goa Carbon Limited,35360
1222,BIRLAMONEY,Aditya Birla Money Limited,35319
1223,INDOTHAI,Indo Thai Securities Limited,35280
1224,ADVANIHOTR,Advani Hotels & Resorts (India) Limited,35173
1225,UFO,UFO Moviez India Limited,35127
1226,NGIL,Nakoda Group of Industries Limited,35012
1227,PRIMESECU,Prime Securities Limited,35008
1228,BIRLATYRE,Birla Tyres Limited,34863
1229,OMINFRAL,OM INFRA LIMITED,34862
1230,PDMJEPAPER,Pudumjee Paper Products Limited,34704
1231,BBTCL,B&B Triplewall Containers Limited,34674
1232,ALBERTDAVD,Albert David Limited,34506
1233,SHEMAROO,Shemaroo Entertainment Limited,34209
1234,APOLLO,Apollo Micro Systems Limited,34167
1235,COASTCORP,Coastal Corporation Limited,34081
1236,DONEAR,Donear Industries Limited,33930
1237,ARTNIRMAN,Art Nirman Limited,33915
1238,UGARSUGAR,The Ugar Sugar Works Limited,33806
1239,BSHSL,Bombay Super Hybrid Seeds Limited,33685
1240,BALLARPUR,Ballarpur Industries Limited,33630
1241,MBLINFRA,MBL Infrastructures Limited,33574
1242,JITFINFRA,JITF Infralogistics Limited,33441
1243,GOLDTECH,Goldstone Technologies Limited,33285
1244,PRECOT,Precot Limited,32886
1245,MAHEPC,Mahindra EPC Irrigation Limited,32837
1246,TVSELECT,TVS Electronics Limited,32787
1247,IRISDOREME,Iris Clothings Limited,32775
1248,ISFT,Intrasoft Technologies Limited,32572
1249,CLEDUCATE,CL Educate Limited,32468
1250,DPWIRES,D P Wires Limited,31871
1251,SORILINFRA,SORIL Infra Resources Limited,31847
1252,UCALFUEL,Ucal Fuel Systems Limited,31766
1253,IVC,IL&FS Investment Managers Limited,31717
1254,ALMONDZ,Almondz Global Securities Limited,31618
1255,BIRLACABLE,Birla Cable Limited,31365
1256,RAJMET,Rajnandini Metal Limited,31261
1257,PPL,Prakash Pipes Limited,31034
1258,GEECEE,GeeCee Ventures Limited,30981
1259,PRAXIS,Praxis Home Retail Limited,30952
1260,SILINV,SIL Investments Limited,30935
1261,MAWANASUG,Mawana Sugars Limited,30883
1262,MGEL,Mangalam Global Enterprise Limited,30818
1263,ACCURACY,Accuracy Shipping Limited,30752
1264,FSC,Future Supply Chain Solutions Limited,30653
1265,PPAP,PPAP Automotive Limited,30625
1266,SAKUMA,Sakuma Exports Limited,30375
1267,HINDNATGLS,Hindusthan National Glass & Industries Limited,30314
1268,SALZERELEC,Salzer Electronics Limited,30207
1269,SHIVATEX,Shiva Texyarn Limited,30145
1270,GENUSPAPER,Genus Paper & Boards Limited,30084
1271,KCPSUGIND,KCP Sugar and Industries Corporation Limited,30047
1272,AKASH,Akash Infra-Projects Limited,29889
1273,RAMANEWS,Shree Rama Newsprint Limited,29799
1274,REFEX,Refex Industries Limited,29739
1275,PODDARMENT,Poddar Pigments Limited,29713
1276,CUPID,Cupid Limited,29710
1277,RPPL,Rajshree Polypack Limited,29590
1278,VIPULLTD,Vipul Limited,29516
1279,INSPIRISYS,Inspirisys Solutions Limited,29495
1280,INVENTURE,Inventure Growth & Securities Limited,29400
1281,AIRAN,Airan Limited,29380
1282,KOTHARIPRO,Kothari Products Limited,29202
1283,HARRMALAYA,Harrisons  Malayalam Limited,29113
1284,TEMBO,Tembo Global Industries Limited,28932
1285,WEALTH,Wealth First Portfolio Managers Limited,28832
1286,ABAN,Aban Offshore Limited,28716
1287,CINELINE,Cineline India Limited,28713
1288,STEL,Stel Holdings Limited,28698
1289,JAYSREETEA,Jayshree Tea & Industries Limited,28618
1290,CHEMBOND,Chembond Chemicals Ltd,28551
1291,INNOVANA,Innovana Thinklabs Limited,28413
1292,JPOLYINVST,Jindal Poly Investment and Finance Company Limited,28230
1293,SREINFRA,SREI Infrastructure Finance Limited,28173
1294,NILAINFRA,Nila Infrastructures Limited,28163
1295,SDBL,Som Distilleries & Breweries Limited,27995
1296,LASA,Lasa Supergenerics Limited,27901
1297,MANAKCOAT,Manaksia Coated Metals & Industries Limited,27852
1298,SAKAR,Sakar Healthcare Limited,27842
1299,MCLEODRUSS,Mcleod Russel India Limited,27785
1300,IRIS,Iris Business Services Limited,27770
1301,ESSARSHPNG,Essar Shipping Limited,27735
1302,KOTARISUG,Kothari Sugars And Chemicals Limited,27478
1303,KANPRPLA,Kanpur Plastipack Limited,27469
1304,MAHESHWARI,Maheshwari Logistics Limited,27437
1305,WANBURY,Wanbury Limited,27357
1306,DTIL,Dhunseri Tea & Industries Limited,27325
1307,MODISNME,Modison Metals Limited,27258
1308,ZODIACLOTH,Zodiac Clothing Company Limited,27223
1309,PARACABLES,Paramount Communications Limited,27089
1310,BRFL,Bombay Rayon Fashions Limited,26827
1311,VISESHINFO,Visesh Infotecnics Limited,26421
1312,INDOSOLAR,Indosolar Limited,26417
1313,LIBERTSHOE,Liberty Shoes Limited,26386
1314,HDIL,Housing Development and Infrastructure Limited,26307
1315,JINDALPHOT,Jindal Photo Limited,25995
1316,EMKAY,Emkay Global Financial Services Limited,25909
1317,TPLPLASTEH,TPL Plastech Limited,25905
1318,AHLWEST,Asian Hotels (West) Limited,25784
1319,RHFL,Reliance Home Finance Limited,25681
1320,PREMEXPLN,Premier Explosives Limited,25590
1321,LOVABLE,Lovable Lingerie Limited,25508
1322,EMKAYTOOLS,Emkay Taps and Cutting Tools Limited,25398
1323,INDTERRAIN,Indian Terrain Fashions Limited,25189
1324,BRNL,Bharat Road Network Limited,25143
1325,SUVIDHAA,Suvidhaa Infoserve Limited,25107
1326,WINDMACHIN,Windsor Machines Limited,25031
1327,KMSUGAR,K.M.Sugar Mills Limited,25024
1328,SIMPLEXINF,Simplex Infrastructures Limited,24971
1329,BROOKS,Brooks Laboratories Limited,24789
1330,PAR,Par Drugs And Chemicals Limited,24763
1331,DCM,DCM  Limited,24739
1332,DENORA,De Nora India Limited,24706
1333,SETCO,Setco Automotive Limited,24680
1334,MAZDA,Mazda Limited,24555
1335,HINDMOTORS,Hindustan Motors Limited,24517
1336,INDOTECH,Indo Tech Transformers Limited,24437
1337,AAKASH,Aakash Exploration Services Limited,24386
1338,PIONDIST,Pioneer Distilleries Limited,24192
1339,MOLDTECH,Mold-Tek Technologies Limited,24162
1340,MOKSH,Moksh Ornaments Limited,23959
1341,CAREERP,Career Point Limited,23933
1342,GUJAPOLLO,Gujarat Apollo Industries Limited,23877
1343,GPTINFRA,GPT Infraprojects Limited,23531
1344,SGIL,Synergy Green Industries Limited,23456
1345,GULFPETRO,GP Petroleums Limited,23121
1346,PANSARI,Pansari Developers Limited,23091
1347,NDRAUTO,Ndr Auto Components Limited,23078
1348,ASTRON,Astron Paper & Board Mill Limited,23041
1349,SMARTLINK,Smartlink Holdings Limited,23017
1350,ALPHAGEO,Alphageo (India) Limited,22996
1351,ROHLTD,Royal Orchid Hotels Limited,22777
1352,ALANKIT,Alankit Limited,22730
1353,SHRENIK,Shrenik Limited,22644
1354,AJRINFRA,AJR INFRA AND TOLLING LIMITED,22604
1355,GLOBE,Globe Textiles (India) Limited,22520
1356,GIRRESORTS,GIR Natureview Resorts Limited,22472
1357,GOLDENTOBC,Golden Tobacco Limited,22407
1358,20MICRONS,20 Microns Limited,22389
1359,PALREDTEC,Palred Technologies Limited,22219
1360,GANGAFORGE,Ganga Forging Limited,22200
1361,COMPUSOFT,Compucom Software Limited,22195
1362,NITCO,Nitco Limited,22168
1363,SMSLIFE,SMS Lifesciences India Limited,22114
1364,SINTERCOM,Sintercom India Limited,22090
1365,SIGMA,Sigma Solve Limited,21932
1366,CHEMFAB,Chemfab Alkalis Limited,21751
1367,NRL,Nupur Recyclers Limited,21622
1368,APOLSINHOT,Apollo Sindoori Hotels Limited,21466
1369,AUTOIND,Autoline Industries Limited,21354
1370,AHLEAST,Asian Hotels (East) Limited,21349
1371,REVATHI,Revathi Equipment Limited,21282
1372,AKSHOPTFBR,Aksh Optifibre Limited,21069
1373,ANKITMETAL,Ankit Metal & Power Limited,21025
1374,RAJTV,Raj Television Network Limited,20999
1375,MANAKSTEEL,Manaksia Steels Limited,20971
1376,BEDMUTHA,Bedmutha Industries Limited,20875
1377,PILITA,PIL ITALICA LIFESTYLE LIMITED,20680
1378,ONEPOINT,One Point One Solutions Limited,20649
1379,MANGALAM,Mangalam Drugs And Organics Limited,20593
1380,RUCHINFRA,Ruchi Infrastructure Limited,20524
1381,DANGEE,Dangee Dums Limited,20391
1382,WALCHANNAG,Walchandnagar Industries Limited,20368
1383,RVHL,Ravinder Heights Limited,20305
1384,TEXMOPIPES,Texmo Pipes and Products Limited,20115
1385,MANAKALUCO,Manaksia Aluminium Company Limited,20021
1386,GSS,GSS Infotech Limited,20011
1387,INTENTECH,Intense Technologies Limited,19908
1388,TTL,T T Limited,19853
1389,SELAN,Selan Exploration Technology Limited,19790
1390,STARPAPER,Star Paper Mills Limited,19776
1391,VETO,Veto Switchgears And Cables Limited,19736
1392,MACPOWER,Macpower CNC Machines Limited,19603
1393,SUNDARAM,Sundaram Multi Pap Limited,19429
1394,PREMIERPOL,Premier Polyfilm Limited,19409
1395,SKMEGGPROD,SKM Egg Products Export (India) Limited,19405
1396,EIMCOELECO,Eimco Elecon (India) Limited,19347
1397,COMPINFO,Compuage Infocom Limited,19265
1398,RUCHIRA,Ruchira Papers Limited,19218
1399,VIPCLOTHNG,VIP Clothing Limited,19204
1400,ORBTEXP,Orbit Exports Limited,19141
1401,ANSALAPI,Ansal Properties & Infrastructure Limited,19125
1402,PVP,PVP Ventures Limited,19114
1403,ELGIRUBCO,Elgi Rubber Company Limited,19044
1404,MODIRUBBER,Modi Rubber Limited,18968
1405,ARIES,Aries Agro Limited,18837
1406,RANEENGINE,Rane Engine Valve Limited,18837
1407,ANMOL,Anmol India Limited,18816
1408,SILVERTUC,Silver Touch Technologies Limited,18768
1409,VIKASECO,Vikas EcoTech Limited,18669
1410,DSSL,Dynacons Systems & Solutions Limited,18524
1411,KANANIIND,Kanani Industries Limited,18402
1412,CAPTRUST,Capital Trust Limited,18374
1413,PONNIERODE,Ponni Sugars (Erode) Limited,18371
1414,NILASPACES,Nila Spaces Limited,18316
1415,ENERGYDEV,Energy Development Company Limited,18240
1416,VISASTEEL,Visa Steel Limited,18237
1417,SUPERHOUSE,Superhouse Limited,18208
1418,EMMBI,Emmbi Industries Limited,18203
1419,EROSMEDIA,Eros International Media Limited,18170
1420,SAKHTISUG,Sakthi Sugars Limited,18065
1421,VIVIMEDLAB,Vivimed Labs Limited,17992
1422,IL&FSTRANS,IL&FS Transportation Networks Limited,17928
1423,MCDHOLDING,McDowell Holdings Limited,17735
1424,IITL,Industrial Investment Trust Limited,17724
1425,JHS,JHS Svendgaard Laboratories Limited,17710
1426,ELECTHERM,Electrotherm (India) Limited,17591
1427,PRITIKAUTO,Pritika Auto Industries Limited,17513
1428,SEPOWER,S.E. Power Limited,17503
1429,ARROWGREEN,Arrow Greentech Limited,17497
1430,JOCIL,Jocil Limited,17465
1431,EUROBOND,Euro Panel Products Limited,17358
1432,AHLADA,Ahlada Engineers Limited,17030
1433,JBFIND,JBF Industries Limited,17029
1434,PIONEEREMB,Pioneer Embroideries Limited,16960
1435,KAKATCEM,Kakatiya Cement Sugar & Industries Limited,16900
1436,INDIANCARD,Indian Card Clothing Company Limited,16861
1437,A2ZINFRA,A2Z Infra Engineering Limited,16731
1438,ALPA,Alpa Laboratories Limited,16706
1439,PRAENG,Prajay Engineers Syndicate Limited,16505
1440,UNITEDTEA,The United Nilgiri Tea Estates Company Limited,16489
1441,BHAGYANGR,Bhagyanagar India Limited,16413
1442,RKEC,RKEC Projects Limited,16362
1443,CTE,Cambridge Technology Enterprises Limited,16264
1444,GENCON,Generic Engineering Construction and Projects Limited,16160
1445,CORALFINAC,Coral India Finance & Housing Limited,16020
1446,SMLT,Sarthak Metals Limited,16010
1447,MAANALU,Maan Aluminium Limited,15996
1448,JMA,Jullundur Motor Agency (Delhi) Limited,15943
1449,SBC,SBC Exports Limited,15767
1450,LPDC,Landmark Property Development Company Limited,15695
1451,BALPHARMA,Bal Pharma Limited,15689
1452,DRCSYSTEMS,DRC Systems India Limited,15630
1453,UMANGDAIRY,Umang Dairies Limited,15611
1454,RPPINFRA,R.P.P. Infra Projects Limited,15562
1455,NOIDATOLL,Noida Toll Bridge Company Limited,15547
1456,BHANDARI,Bhandari Hosiery Exports Limited,15532
1457,KERNEX,Kernex Microsystems (India) Limited,15512
1458,MURUDCERA,Murudeshwar Ceramics Limited,15359
1459,3RDROCK,3rd Rock Multimedia Limited,15316
1460,SEYAIND,Seya Industries Limited,15240
1461,ATLANTA,Atlanta  Limited,15200
1462,JMTAUTOLTD,JMT Auto Limited,15115
1463,KECL,Kirloskar Electric Company Limited,15109
1464,TRF,TRF Limited,15038
1465,BHARATGEAR,Bharat Gears Limited,14981
1466,CCHHL,Country Club Hospitality & Holidays Limited,14875
1467,WORTH,Worth Peripherals Limited,14680
1468,SUNDRMBRAK,Sundaram Brake Linings Limited,14641
1469,SURANASOL,Surana Solar Limited,14491
1470,LOKESHMACH,Lokesh Machines Limited,14380
1471,SURANAT&P,Surana Telecom and Power Limited,14323
1472,DEEPENR,DEEP ENERGY RESOURCES LIMITED,14304
1473,OSIAHYPER,Osia Hyper Retail Limited,14288
1474,WFL,Wonder Fibromats Limited,14198
1475,AARVI,Aarvi Encon Limited,14097
1476,TIL,TIL Limited,14037
1477,SERVOTECH,Servotech Power Systems Limited,13852
1478,ASIANHOTNR,Asian Hotels (North) Limited,13763
1479,KOTYARK,Kotyark Industries Limited,13753
1480,SPLIL,SPL Industries Limited,13746
1481,SHREYANIND,Shreyans Industries Limited,13742
1482,AMJLAND,Amj Land Holdings Limited,13592
1483,GRPLTD,GRP Limited,13501
1484,DAMODARIND,Damodar Industries Limited,13444
1485,ROLTA,Rolta India Limited,13437
1486,MAHAPEXLTD,Maha Rashtra Apex Corporation Limited,13372
1487,GILLANDERS,Gillanders Arbuthnot & Company Limited,13286
1488,SIGIND,Signet Industries Limited,13276
1489,NDGL,Naga Dhunseri Group Limited,13274
1490,PUNJLLOYD,Punj Lloyd Limited,13256
1491,SHIVAMILLS,Shiva Mills Limited,13226
1492,REMSONSIND,Remsons Industries Limited,13221
1493,PENTAGOLD,Penta Gold Limited,13107
1494,PASHUPATI,Pashupati Cotspin Limited,12930
1495,NIRAJ,Niraj Cement Structurals Limited,12810
1496,PAVNAIND,Pavna Industries Limited,12790
1497,KAPSTON,Kapston Facilities Management Limited,12751
1498,MBECL,Mcnally Bharat Engineering Company Limited,12739
1499,SAMBHAAV,Sambhaav Media Limited,12709
1500,SURYALAXMI,Suryalakshmi Cotton Mills Limited,12704
1501,TOTAL,Total Transport Systems Limited,12697
1502,SALONA,Salona Cotspin Limited,12619
1503,IVP,IVP Limited,12567
1504,MICEL,MIC Electronics Limited,12500
1505,PODDARHOUS,Poddar Housing and Development Limited,12463
1506,AROGRANITE,Aro Granite Industries Limited,12462
1507,MAHASTEEL,Mahamaya Steel Industries Limited,12444
1508,BYKE,The Byke Hospitality Ltd,12430
1509,VERTOZ,Vertoz Advertising Limited,12371
1510,INCREDIBLE,INCREDIBLE INDUSTRIES LIMITED,12299
1511,TCIDEVELOP,TCI Developers Limited,12240
1512,BEWLTD,BEW Engineering Limited,12192
1513,AIROLAM,Airo Lam limited,11987
1514,SOFTTECH,Softtech Engineers Limited,11881
1515,PRAKASHSTL,Prakash Steelage Limited,11813
1516,IZMO,IZMO Limited,11803
1517,BSL,BSL Limited,11774
1518,ASPINWALL,Aspinwall and Company Limited,11747
1519,DBSTOCKBRO,DB (International) Stock Brokers Limited,11725
1520,BHAGYAPROP,Bhagyanagar Properties Limited,11710
1521,TOUCHWOOD,Touchwood Entertainment Limited,11663
1522,E2E,E2E Networks Limited,11573
1523,BLBLIMITED,BLB Limited,11525
1524,AARON,Aaron Industries Limited,11445
1525,ROML,Raj Oil Mills Limited,11444
1526,KAMATHOTEL,Kamat Hotels (I) Limited,11379
1527,CENTEXT,Century Extrusions Limited,11320
1528,ICEMAKE,Ice Make Refrigeration Limited,11305
1529,DRSDILIP,DRS Dilip Roadlines Limited,11297
1530,TIRUPATIFL,Tirupati Forge Limited,11270
1531,MOTOGENFIN,The Motor & General Finance Limited,11212
1532,RSSOFTWARE,R. S. Software (India) Limited,11080
1533,RAJSREESUG,Rajshree Sugars & Chemicals Limited,11051
1534,CINEVISTA,Cinevista Limited,11028
1535,DSML,Debock Sales And Marketing Limited,11015
1536,TOKYOPLAST,Tokyo Plast International Limited,10927
1537,GROBTEA,The Grob Tea Company Limited,10879
1538,FOCE,Foce India Limited,10867
1539,LOTUSEYE,Lotus Eye Hospital and Institute Limited,10793
1540,MUKTAARTS,Mukta Arts Limited,10784
1541,SHAHALLOYS,Shah Alloys Limited,10671
1542,OMAXAUTO,Omax Autos Limited,10664
1543,AUSOMENT,Ausom Enterprise Limited,10599
1544,MORARJEE,Morarjee Textiles Limited,10518
1545,SALSTEEL,S.A.L. Steel Limited,10408
1546,DGCONTENT,Digicontent Limited,10386
1547,LAMBODHARA,Lambodhara Textiles Limited,10310
1548,SANWARIA,Sanwaria Consumer Limited,10305
1549,MRO-TEK,MRO-TEK Realty Limited,10305
1550,GLOBALVECT,Global Vectra Helicorp Limited,10304
1551,TREJHARA,TREJHARA SOLUTIONS LIMITED,10262
1552,BIOFILCHEM,Biofil Chemicals & Pharmaceuticals Limited,10147
1553,WELINV,Welspun Investments and Commercials Limited,10123
1554,BAGFILMS,B.A.G Films and Media Limited,10085
1555,AAREYDRUGS,Aarey Drugs & Pharmaceuticals Limited,10044
1556,ROLLT,Rollatainers Limited,10005
1557,SIL,Standard Industries Limited,9971
1558,SPMLINFRA,SPML Infra Limited,9951
1559,WEIZMANIND,Weizmann Limited,9940
1560,SARVESHWAR,Sarveshwar Foods Limited,9937
1561,IMAGICAA,Imagicaaworld Entertainment Limited,9863
1562,SUMEETINDS,Sumeet Industries Limited,9846
1563,LAGNAM,Lagnam Spintex Limited,9842
1564,INDBANK,Indbank Merchant Banking Services Limited,9741
1565,SHREERAMA,Shree Rama Multi-Tech Limited,9691
1566,JAIPURKURT,Nandani Creation Limited,9683
1567,ARVEE,Arvee Laboratories (India) Limited,9615
1568,UJAAS,Ujaas Energy Limited,9614
1569,TARMAT,Tarmat Limited,9591
1570,NECCLTD,North Eastern Carrying Corporation Limited,9537
1571,ALKALI,Alkali Metals Limited,9312
1572,STEELCITY,Steel City Securities Limited,9298
1573,VMARCIND,V Marc India Limited,9228
1574,ABMINTLLTD,ABM International Limited,9182
1575,IL&FSENGG,IL&FS Engineering and Construction Company Limited,9178
1576,GAL,Gyscoal Alloys Limited,9101
1577,GANGESSECU,Ganges Securities Limited,9098
1578,PKTEA,The Peria Karamalai Tea & Produce Company Limited,8978
1579,JAINAM,Jainam Ferro Alloys (I) Limited,8951
1580,PALASHSECU,Palash Securities Limited,8948
1581,MITCON,MITCON Consultancy & Engineering Services Limited,8851
1582,SHIVAUM,Shiv Aum Steels Limited,8840
1583,CELEBRITY,Celebrity Fashions Limited,8813
1584,MCL,Madhav Copper Limited,8808
1585,ZODIAC,Zodiac Energy Limited,8787
1586,PARIN,Parin Furniture Limited,8783
1587,PANACHE,Panache Digilife Limited,8742
1588,UTTAMSTL,Uttam Galva Steels Limited,8678
1589,SRPL,Shree Ram Proteins Limited,8622
1590,EASTSILK,Eastern Silk Industries Limited,8606
1591,FOCUS,Focus Lighting and Fixtures Limited,8605
1592,MADHUCON,Madhucon Projects Limited,8560
1593,EXCEL,Excel Realty N Infra Limited,8558
1594,AMDIND,AMD Industries Limited,8500
1595,SVLL,Shree Vasu Logistics Limited,8485
1596,ARCHIDPLY,Archidply Industries Limited,8373
1597,SICAL,Sical Logistics Limited,8339
1598,SAGARDEEP,Sagardeep Alloys Limited,8315
1599,PNC,Pritish Nandy Communications Limited,8311
1600,SIMBHALS,Simbhaoli Sugars Limited,8297
1601,DHRUV,Dhruv Consultancy Services Limited,8256
1602,AVG,AVG Logistics Limited,8184
1603,DEVIT,Dev Information Technology Limited,8143
1604,HOVS,HOV Services Limited,8095
1605,GEEKAYWIRE,Geekay Wires Limited,8064
1606,GODHA,Godha Cabcon & Insulation Limited,8056
1607,NITIRAJ,Nitiraj Engineers Limited,7991
1608,CORDSCABLE,Cords Cable Industries Limited,7821
1609,HINDCON,Hindcon Chemicals Limited,7766
1610,CMICABLES,CMI Limited,7741
1611,SPECTRUM,Spectrum Electrical Industries Limited,7711
1612,BANKA,Banka BioLoo Limited,7701
1613,PRESSMN,Pressman Advertising Limited,7691
1614,VCL,Vaxtex Cotfab Limited,7630
1615,ARSSINFRA,ARSS Infrastructure Projects Limited,7583
1616,ATALREAL,Atal Realtech Limited,7579
1617,VINEETLAB,Vineet Laboratories Limited,7564
1618,MERCATOR,Mercator Limited,7561
1619,ANIKINDS,Anik Industries Limited,7507
1620,CALSOFT,California Software Company Limited,7458
1621,EDUCOMP,Educomp Solutions Limited,7409
1622,OPTOCIRCUI,Opto Circuits (India) Limited,7365
1623,KEYFINSERV,Keynote Financial Services Limited,7348
1624,KRIDHANINF,Kridhan Infra Limited,7298
1625,SIKKO,Sikko Industries Limited,7297
1626,UNIVASTU,Univastu India Limited,7177
1627,NIDAN,Nidan Laboratories and Healthcare Limited,7165
1628,AJOONI,Ajooni Biotech Limited,7159
1629,DELTAMAGNT,Delta Manufacturing Limited,7151
1630,ORIENTLTD,Orient Press Limited,7125
1631,SONAMCLOCK,Sonam Clock Limited,7101
1632,SOLEX,Solex Energy Limited,7100
1633,URAVI,Uravi T and Wedge Lamps Limited,6971
1634,AARVEEDEN,Aarvee Denims & Exports Limited,6885
1635,INDSWFTLTD,Ind-Swift Limited,6879
1636,MTEDUCARE,MT Educare Limited,6862
1637,VIVO,Vivo Collaboration Solutions Limited,6798
1638,LCCINFOTEC,LCC Infotech Limited,6709
1639,NEXTMEDIA,Next Mediaworks Limited,6656
1640,KALYANIFRG,Kalyani Forge Limited,6592
1641,SUPERSPIN,Super Spinning Mills Limited,6573
1642,GLOBAL,Global Education Limited,6566
1643,HISARMETAL,Hisar Metal Industries Limited,6518
1644,OMKARCHEM,Omkar Speciality Chemicals Limited,6492
1645,MAHICKRA,Mahickra Chemicals Limited,6490
1646,PRITI,Priti International Limited,6434
1647,TAINWALCHM,Tainwala Chemical and Plastic (I) Limited,6405
1648,OSWALSEEDS,ShreeOswal Seeds And Chemicals Limited,6403
1649,HPIL,Hindprakash Industries Limited,6390
1650,SUPREMEINF,Supreme Infrastructure India Limited,6373
1651,SGL,STL Global Limited,6370
1652,TERASOFT,Tera Software Limited,6293
1653,AMBANIORG,Ambani Organics Limited,6281
1654,ARCHIES,Archies Limited,6232
1655,AURDIS,Aurangabad Distillery Limited,6150
1656,ANSALHSG,Ansal Housing Limited,6117
1657,ICDSLTD,ICDS Limited,6110
1658,SUPREMEENG,Supreme Engineering Limited,6074
1659,MHHL,Mohini Health & Hygiene Limited,6063
1660,DHARSUGAR,Dharani Sugars & Chemicals Limited,6042
1661,TARACHAND,Tara Chand Logistic Solutions Limited,5977
1662,KHFM,Khfm Hospitality And Facility Management Services Limited,5903
1663,MANUGRAPH,Manugraph India Limited,5870
1664,KRITIKA,Kritika Wires Limited,5858
1665,NIBL,NRB Industrial Bearings Limited,5827
1666,BDR,BDR Buildcon Limited,5824
1667,JAKHARIA,JAKHARIA FABRIC LIMITED,5821
1668,MALUPAPER,Malu Paper Mills Limited,5817
1669,CCCL,Consolidated Construction Consortium Limited,5778
1670,PROLIFE,Prolife Industries Limited,5721
1671,GOENKA,Goenka Diamond and Jewels Limited,5706
1672,NITINFIRE,Nitin Fire Protection Industries Limited,5699
1673,JETFREIGHT,Jet Freight Logistics Limited,5644
1674,SKIL,SKIL Infrastructure Limited,5631
1675,SCAPDVR,Stampede Capital Limited,5611
1676,SHRADHA,Shradha Infraprojects Limited,5533
1677,VARDMNPOLY,Vardhman Polytex Limited,5528
1678,FLEXITUFF,Flexituff Ventures International Limited,5499
1679,MARSHALL,Marshall Machines Limited,5471
1680,FELDVR,Future Enterprises Limited,5414
1681,FMNL,Future Market Networks Limited,5409
1682,KKVAPOW,KKV Agro Powers Limited,5385
1683,LIBAS,Libas Consumer Products Limited,5380
1684,VASWANI,Vaswani Industries Limited,5370
1685,TANTIACONS,Tantia Constructions Limited,5252
1686,VIJIFIN,Viji Finance Limited,5198
1687,BEARDSELL,Beardsell Limited,5170
1688,NAGREEKEXP,Nagreeka Exports Limited,5156
1689,VIVIDHA,Visagar Polytex Limited,5122
1690,BANARBEADS,Banaras Beads Limited,5077
1691,AAATECH,Aaa Technologies Limited,5045
1692,MADHAV,Madhav Marbles and Granites Limited,5024
1693,AKG,Akg Exim Limited,5000
1694,MKPL,M K Proteins Limited,4970
1695,BANG,Bang Overseas Limited,4943
1696,DCI,DC Infotech and Communication Limited,4920
1697,DIGJAMLMTD,Digjam Limited,4907
1698,ZENITHEXPO,Zenith Exports Limited,4878
1699,AGROPHOS,Agro Phos India Limited,4876
1700,DIAPOWER,Diamond Power Infra Ltd,4855
1701,JISLDVREQS,Jain Irrigation Systems Limited,4833
1702,21STCENMGM,21st Century Management Services Limited,4820
1703,DUDIGITAL,DU Digital Technologies Limited,4784
1704,SOMICONVEY,Somi Conveyor Beltings Limited,4741
1705,NPST,Network People Services Technologies Limited,4717
1706,ASLIND,ASL Industries Limited,4703
1707,SECL,Salasar Exteriors and Contour Limited,4674
1708,MRO,M.R. Organisation Limited,4651
1709,HBSL,HB Stockholdings Limited,4639
1710,BURNPUR,Burnpur Cement Limited,4608
1711,MDL,Marvel Decor Limited,4601
1712,BVCL,Barak Valley Cements Limited,4532
1713,TIRUPATI,Shree Tirupati Balajee FIBC Limited,4518
1714,COUNCODOS,Country Condo's Limited,4501
1715,AISL,ANI Integrated Services Limited,4495
1716,TREEHOUSE,Tree House Education & Accessories Limited,4464
1717,DYNAMIC,Dynamic Services & Security Limited,4461
1718,ASCOM,Ascom Leasing & Investments Limited,4451
1719,KARMAENG,Karma Energy Limited,4449
1720,LAXMICOT,Laxmi Cotspin Limited,4407
1721,SANGINITA,Sanginita Chemicals Limited,4377
1722,PATSPINLTD,Patspin India Limited,4375
1723,OILCOUNTUB,Oil Country Tubular Limited,4340
1724,PIGL,Power & Instrumentation (Gujarat) Limited,4281
1725,UCL,Ushanti Colour Chem Limited,4271
1726,WIPL,The Western India Plywoods Limited,4244
1727,LFIC,Lakshmi Finance & Industrial Corporation Limited,4215
1728,PATINTLOG,Patel Integrated Logistics Limited,4166
1729,PARTYCRUS,Party Cruisers Limited,4119
1730,JETKNIT,Jet Knitwears Limited,4042
1731,UNIINFO,Uniinfo Telecom Services Limited,4042
1732,CUBEXTUB,Cubex Tubings Limited,4038
1733,REXPIPES,Rex Pipes And Cables Industries Limited,4029
1734,TIMESGTY,Times Guaranty Limited,4029
1735,BCONCEPTS,Brand Concepts Limited,4027
1736,BALKRISHNA,Balkrishna Paper Mills Limited,3931
1737,HAVISHA,Sri Havisha Hospitality and Infrastructure Limited,3838
1738,SHAIVAL,Shaival Reality Limited,3825
1739,VAISHALI,Vaishali Pharma Limited,3781
1740,KSHITIJPOL,Kshitij Polyline Limited,3774
1741,RELIABLE,Reliable Data Services Limited,3762
1742,AGRITECH,Agri-Tech (India) Limited,3695
1743,SPENTEX,Spentex Industries Limited,3681
1744,AMBICAAGAR,Ambica Agarbathies & Aroma industries Limited,3676
1745,SUMIT,Sumit Woods Limited,3670
1746,WEWIN,WE WIN LIMITED,3668
1747,MAGNUM,Magnum Ventures Limited,3666
1748,VSCL,Vadivarhe Speciality Chemicals Limited,3656
1749,UNITEDPOLY,United Polyfab Gujarat Limited,3635
1750,QUADPRO,Quadpro Ites Limited,3576
1751,SETUINFRA,Setubandhan Infrastructure Limited,3519
1752,TMRVL,The Mandhana Retail Ventures Limited,3511
1753,AVROIND,AVRO INDIA LIMITED,3402
1754,PREMIER,Premier Limited,3387
1755,SOMATEX,Soma Textiles & Industries Limited,3386
1756,ARIHANT,Arihant Foundations & Housing Limited,3376
1757,SPCENET,Spacenet Enterprises India Limited,3321
1758,HECPROJECT,HEC Infra Projects Limited,3305
1759,BARTRONICS,Bartronics India Limited,3269
1760,COX&KINGS,Cox & Kings Limited,3266
1761,SILGO,Silgo Retail Limited,3250
1762,DKEGL,D.K. Enterprises Global Limited,3202
1763,MUKANDENGG,Mukand Engineers Limited,3193
1764,VINNY,Vinny Overseas Limited,3126
1765,ORIENTALTL,Oriental Trimex Limited,3122
1766,GIRIRAJ,Giriraj Civil Developers Limited,3082
1767,CROWN,Crown Lifters Limited,3081
1768,MANGTIMBER,Mangalam Timber Products Limited,3070
1769,SECURCRED,SecUR Credentials Limited,3043
1770,INFOMEDIA,Infomedia Press Limited,3037
1771,GAYAHWS,Gayatri Highways Limited,2996
1772,LGHL,Laxmi Goldorna House Limited,2974
1773,PEARLPOLY,Pearl Polymers Limited,2971
1774,METALFORGE,Metalyst Forgings Limited,2961
1775,DNAMEDIA,Diligent Media Corporation Limited,2825
1776,3PLAND,3P Land Holdings Limited,2817
1777,TGBHOTELS,TGB Banquets And Hotels Limited,2811
1778,MITTAL,Mittal Life Style Limited,2785
1779,LEXUS,Lexus Granito (India) Limited,2773
1780,WILLAMAGOR,Williamson Magor & Company Limited,2745
1781,LATTEYS,Latteys Industries Limited,2732
1782,WSI,W S Industries (I) Limited,2731
1783,ORTINLAB,Ortin Laboratories Limited,2708
1784,ACEINTEG,Ace Integrated Solutions Limited,2688
1785,GOLDSTAR,Goldstar Power Limited,2685
1786,SURANI,Surani Steel Tubes Limited,2684
1787,HILTON,Hilton Metal Forging Limited,2638
1788,RMCL,Radha Madhav Corporation Limited,2633
1789,SONAHISONA,Sona Hi Sona Jewellers (Gujarat) Limited,2602
1790,ADL,Archidply Decor Limited,2591
1791,MILTON,Milton Industries Limited,2549
1792,TIJARIA,Tijaria Polypipes Limited,2505
1793,ANTGRAPHIC,Antarctica Limited,2480
1794,TNTELE,Tamilnadu Telecommunication Limited,2458
1795,SILLYMONKS,Silly Monks Entertainment Limited,2451
1796,SPYL,Shekhawati Poly-Yarn Limited,2413
1797,NATNLSTEEL,National Steel And Agro Industries Limited,2359
1798,MOHITIND,Mohit Industries Limited,2336
1799,KHANDSE,Khandwala Securities Limited,2328
1800,SIDDHIKA,Siddhika Coatings Limited,2271
1801,SHANTI,Shanti Overseas (India) Limited,2216
1802,RKDL,Ravi Kumar Distilleries Limited,2124
1803,GUJRAFFIA,Gujarat Raffia Industries Limited,2105
1804,ALPSINDUS,Alps Industries Limited,2073
1805,CMMIPL,CMM Infraprojects Limited,2069
1806,NTL,Neueon Towers Limited,2064
1807,STAMPEDE,Stampede Capital Limited,2061
1808,S&SPOWER,S&S Power Switchgears Limited,2043
1809,KEERTI,Keerti Knowledge and Skills Limited,2012
1810,SABEVENTS,Sab Events & Governance Now Media Limited,2008
1811,CADSYS,Cadsys (India) Limited,1996
1812,TFL,Transwarranty Finance Limited,1981
1813,BMETRICS,Bombay Metrics Supply Chain Limited,1979
1814,ONELIFECAP,Onelife Capital Advisors Limited,1977
1815,NKIND,NK Industries Limited,1965
1816,GICL,Globe International Carriers Limited,1955
1817,VICEROY,Viceroy Hotels Limited,1951
1818,ADROITINFO,Adroit Infotech Limited,1945
1819,UMESLTD,Usha Martin Education & Solutions Limited,1915
1820,CYBERMEDIA,Cyber Media (India) Limited,1896
1821,BTML,Bodhi Tree Multimedia Limited,1887
1822,BRIGHT,Bright Solar Limited,1856
1823,ZENITHSTL,Zenith Steel Pipes & Industries Limited,1850
1824,ARENTERP,Rajdarshan Industries Limited,1842
1825,AVSL,AVSL Industries Limited,1797
1826,PBAINFRA,PBA Infrastructure Limited,1789
1827,LYPSAGEMS,Lypsa Gems & Jewellery Limited,1784
1828,NARMADA,Narmada Agrobase Limited,1748
1829,KAVVERITEL,Kavveri Telecom Products Limited,1741
1830,BKMINDST,Bkm Industries Limited,1737
1831,SHYAMTEL,Shyam Telecom Limited,1736
1832,AUTOLITIND,Autolite (India) Limited,1733
1833,THOMASCOTT,Thomas Scott (India) Limited,1727
1834,GTNTEX,GTN Textiles Limited,1711
1835,SATHAISPAT,Sathavahana Ispat Limited,1705
1836,UWCSL,Ultra Wiring Connectivity System Limited,1673
1837,INDLMETER,IMP Powers Limited,1671
1838,JINDCOT,Jindal Cotex Limited,1643
1839,INTEGRA,Integra Garments and Textiles Limited,1635
1840,SSINFRA,S.S. Infrastructure Development Consultants Limited,1580
1841,CANDC,C & C Constructions Limited,1578
1842,FELIX,Felix Industries Limited,1528
1843,KHAITANLTD,Khaitan (India) Limited,1468
1844,GFSTEELS,Grand Foundry Limited,1461
1845,JALAN,Jalan Transolutions (India) Limited,1432
1846,SANCO,Sanco Industries Limited,1416
1847,VERA,Vera Synthetic Limited,1394
1848,INNOVATIVE,Innovative Tyres and Tubes Limited,1385
1849,TVVISION,TV Vision Limited,1363
1850,SHUBHLAXMI,Shubhlaxmi Jewel Art Limited,1362
1851,DRL,Dhanuka Realty Limited,1355
1852,WALPAR,Walpar Nutritions Limited,1335
1853,NAGREEKCAP,Nagreeka Capital & Infrastructure Limited,1325
1854,EMCO,Emco Limited,1324
1855,SMVD,SMVD Poly Pack Limited,1289
1856,MPTODAY,Madhya Pradesh Today Media Limited,1258
1857,EASUNREYRL,Easun Reyrolle Limited,1247
1858,EUROTEXIND,Eurotex Industries and Exports Limited,1242
1859,DALALSTCOM,DSJ Keep Learning Limited,1226
1860,TECHIN,Techindia Nirman Limited,1225
1861,RAJRAYON,Raj Rayon Industries Limited,1213
1862,KAUSHALYA,Kaushalya Infrastructure Development Corporation Limited,1212
1863,MASKINVEST,Mask Investments Limited,1196
1864,GLFL,Gujarat Lease Financing Limited,1166
1865,AHIMSA,Ahimsa Industries Limited,1150
1866,PDPL,Parenteral Drugs (India) Limited,1133
1867,NORBTEAEXP,Norben Tea & Exports Limited,1116
1868,PERFECT,Perfect Infraengineers Limited,1106
1869,IMPEXFERRO,Impex Ferro Tech Limited,1099
1870,SRIRAM,Shri Ram Switchgears Limited,1096
1871,MOHOTAIND,Mohota Industries Limited,1096
1872,TARAPUR,Tarapur Transformers Limited,1073
1873,PULZ,Pulz Electronics Limited,998
1874,RMDRIP,R M Drip and Sprinklers Systems Limited,973
1875,CONTI,Continental Seeds and Chemicals Limited,955
1876,BOHRA,Bohra Industries Limited,914
1877,ABINFRA,A B Infrabuild Limited,912
1878,CREATIVEYE,Creative Eye Limited,883
1879,BLUECOAST,Blue Coast Hotels Limited,880
1880,SABTN,Sri Adhikari Brothers Television Network Limited,874
1881,MINDPOOL,Mindpool Technologies Limited,854
1882,MELSTAR,Melstar Information Technologies Limited,850
1883,LAKPRE,Lakshmi Precision Screws Limited,843
1884,ABNINT,A B N Intercorp Limited,839
1885,TCIFINANCE,TCI Finance Limited,837
1886,AMJUMBO,A and M Jumbo Bags Limited,777
1887,SUBCAPCITY,International Constructions Limited,758
1888,RADAAN,Radaan Mediaworks India Limited,731
1889,HOTELRUGBY,Hotel Rugby Limited,716
1890,DCMFINSERV,DCM Financial Services Limited,695
1891,SKSTEXTILE,SKS Textiles Limited,678
1892,NIRAJISPAT,Niraj Ispat Industries Limited,672
1893,AILIMITED,Abhishek Integrations Limited,667
1894,DESTINY,Destiny Logistics & Infra Limited,662
1895,OMFURN,Omfurn India Limited,644
1896,BGLOBAL,Bharatiya Global Infomedia Limited,642
1897,ACCORD,Accord Synergy Limited,627
1898,KALYANI,Kalyani Commercials Limited,597
1899,PAEL,PAE Limited,594
1900,PRADIP,Pradip Overseas Limited,557
1901,MANAV,Manav Infra Projects Limited,530
1902,ORTEL,Ortel Communications Limited,528
1903,REGENCERAM,Regency Ceramics Limited,502
1904,GANGOTRI,Gangotri Textiles Limited,489
1905,SONISOYA,Soni Soya Products Limited,479
1906,BHALCHANDR,Bhalchandram Clothing Limited,476
1907,GRETEX,Gretex Industries Limited,472
1908,JIKIND,JIK Industries Limited,448
1909,QUINTEGRA,Quintegra Solutions Limited,402
1910,TRANSWIND,Transwind Infrastructures Limited,401
1911,CKPLEISURE,CKP Leisure Limited,390
1912,GISOLUTION,GI Engineering Solutions Limited,323
1913,RAJVIR,Rajvir Industries Limited,308
1914,VASA,Vasa Retail and Overseas Ltd,285
1915,JAINSTUDIO,Jain Studios Limited,254
1916,POWERFUL,Powerful Technologies Limited,195
1917,BLUECHIP,Blue Chip India Limited,194
1918,SELMC,SEL Manufacturing Company Limited,140
1919,ATNINTER,ATN International Limited,79
1920,SEJALLTD,Sejal Glass Limited,24
1921,ABHISHEK,Abhishek Corporation Limited,"* Not Traded as on December 31, 2021"
1922,AIFL,Ashapura Intimates Fashion Limited,"* Not Traded as on December 31, 2021"
1923,ALCHEM,Alchemist Limited,"* Not Traded as on December 31, 2021"
1924,ARCOTECH,Arcotech Limited,"* Not Traded as on December 31, 2021"
1925,ARTEDZ,Artedz Fabs Limited,"* Not Traded as on December 31, 2021"
1926,ASIL,Amit Spinning Industries Limited,"* Not Traded as on December 31, 2021"
1927,ATCOM,Atcom Technologies Limited,"* Not Traded as on December 31, 2021"
1928,ATLASCYCLE,Atlas Cycles (Haryana) Limited,"* Not Traded as on December 31, 2021"
1929,AUSTRAL,Austral Coke & Projects Limited,"* Not Traded as on December 31, 2021"
1930,BANSAL,Bansal Multiflex Limited,"* Not Traded as on December 31, 2021"
1931,BHARATIDIL,Bharati Defence and Infrastructure Limited,"* Not Traded as on December 31, 2021"
1932,BILENERGY,Bil Energy Systems Limited,"* Not Traded as on December 31, 2021"
1933,BINANIIND,Binani Industries Limited,"* Not Traded as on December 31, 2021"
1934,BLUEBLENDS,Blue Blends (I) Limited,"* Not Traded as on December 31, 2021"
1935,CELESTIAL,Celestial Biolabs Limited,"* Not Traded as on December 31, 2021"
1936,CHROMATIC,Chromatic India Limited,"* Not Traded as on December 31, 2021"
1937,CKFSL,Cox & Kings Financial Service Limited,"* Not Traded as on December 31, 2021"
1938,CURATECH,Cura Technologies Limited,"* Not Traded as on December 31, 2021"
1939,DOLPHINOFF,Dolphin Offshore Enterprises (India) Limited,"* Not Traded as on December 31, 2021"
1940,DQE,DQ Entertainment (International) Limited,"* Not Traded as on December 31, 2021"
1941,DSKULKARNI,DS Kulkarni Developers Limited,"* Not Traded as on December 31, 2021"
1942,EASTSUGIND,Eastern Sug & Inds Limited,"* Not Traded as on December 31, 2021"
1943,EON,Eon Electric Limited,"* Not Traded as on December 31, 2021"
1944,EUROCERA,Euro Ceramics Limited,"* Not Traded as on December 31, 2021"
1945,EUROMULTI,Euro Multivision Limited,"* Not Traded as on December 31, 2021"
1946,FEDDERELEC,Fedders Electric and Engineering Limited,"* Not Traded as on December 31, 2021"
1947,FIVECORE,Five Core Electronics Limited,"* Not Traded as on December 31, 2021"
1948,FOURTHDIM,Fourth Dimension Solutions Limited,"* Not Traded as on December 31, 2021"
1949,GAMMONIND,Gammon India Limited,"* Not Traded as on December 31, 2021"
1950,GBGLOBAL,GB Global Limited,"* Not Traded as on December 31, 2021"
1951,GITANJALI,Gitanjali Gems Limited,"* Not Traded as on December 31, 2021"
1952,GVKPIL,GVK Power & Infrastructure Limited,"* Not Traded as on December 31, 2021"
1953,ICSA,ICSA (India) Limited,"* Not Traded as on December 31, 2021"
1954,IVRCLINFRA,IVRCL Limited,"* Not Traded as on December 31, 2021"
1955,KGL,Karuturi Global Limited,"* Not Traded as on December 31, 2021"
1956,KOHINOOR,Kohinoor Foods Limited,"* Not Traded as on December 31, 2021"
1957,KSERASERA,KSS Limited,"* Not Traded as on December 31, 2021"
1958,KSK,KSK Energy Ventures Limited,"* Not Traded as on December 31, 2021"
1959,KWALITY,kwality limited,"* Not Traded as on December 31, 2021"
1960,LAKSHMIEFL,Lakshmi Energy and Foods Limited,"* Not Traded as on December 31, 2021"
1961,LEEL,LEEL Electricals Limited,"* Not Traded as on December 31, 2021"
1962,MAFATLAFIN,Mafatlal Finance Limited,"* Not Traded as on December 31, 2021"
1963,MANPASAND,Manpasand Beverages Limited,"* Not Traded as on December 31, 2021"
1964,METKORE,Metkore Alloys & Industries Limited,"* Not Traded as on December 31, 2021"
1965,MODTHREAD,Modern Thread Limited,"* Not Traded as on December 31, 2021"
1966,MVL,MVL Limited,"* Not Traded as on December 31, 2021"
1967,NAKODA,Nakoda Limited,"* Not Traded as on December 31, 2021"
1968,NUTEK,Nu Tek India Limited,"* Not Traded as on December 31, 2021"
1969,OISL,OCL Iron and Steel Limited,"* Not Traded as on December 31, 2021"
1970,OPAL,Opal Luxury Time Products Limited,"* Not Traded as on December 31, 2021"
1971,PARASPETRO,Paras Petrofils Limited,"* Not Traded as on December 31, 2021"
1972,PINCON,Pincon Spirit Limited,"* Not Traded as on December 31, 2021"
1973,PRATIBHA,Pratibha Industries Limited,"* Not Traded as on December 31, 2021"
1974,PRUDMOULI,Prudential Sugar Corporation Limited,"* Not Traded as on December 31, 2021"
1975,PSL,PSL Limited,"* Not Traded as on December 31, 2021"
1976,PUSHPREALM,Pushpanjali Realms and Infratech Limited,"* Not Traded as on December 31, 2021"
1977,RAINBOWPAP,Rainbow Papers Limited,"* Not Traded as on December 31, 2021"
1978,RAMSARUP,Ramsarup Industries Limited,"* Not Traded as on December 31, 2021"
1979,RMMIL,Resurgere Mines & Minerals Limited,"* Not Traded as on December 31, 2021"
1980,RUSHABEAR,Rushabh Precision Bearings Limited,"* Not Traded as on December 31, 2021"
1981,SHARONBIO,Sharon Bio-Medicine Limited,"* Not Traded as on December 31, 2021"
1982,SHIRPUR-G,Shirpur Gold Refinery Limited,"* Not Traded as on December 31, 2021"
1983,SIIL,Supreme (India) Impex Limited,"* Not Traded as on December 31, 2021"
1984,STERLINBIO,Sterling Biotech Limited,"* Not Traded as on December 31, 2021"
1985,STINDIA,STI India Limited,"* Not Traded as on December 31, 2021"
1986,TALWALKARS,Talwalkars Better Value Fitness Limited,"* Not Traded as on December 31, 2021"
1987,TALWGYM,Talwalkars Healthclubs Limited,"* Not Traded as on December 31, 2021"
1988,TECHNOFAB,Technofab Engineering Limited,"* Not Traded as on December 31, 2021"
1989,TECILCHEM,TECIL Chemicals and Hydro Power Limited,"* Not Traded as on December 31, 2021"
1990,THIRUSUGAR,Thiru Arooran Sugars Limited,"* Not Traded as on December 31, 2021"
1991,TULSI,Tulsi Extrusions Limited,"* Not Traded as on December 31, 2021"
1992,UNIPLY,Uniply Industries Limited,"* Not Traded as on December 31, 2021"
1993,UNITY,Unity Infraprojects Limited,"* Not Traded as on December 31, 2021"
1994,VALECHAENG,Valecha Engineering Limited,"* Not Traded as on December 31, 2021"
1995,VALUEIND,Value Industries Limited,"* Not Traded as on December 31, 2021"
1996,VIDEOIND,Videocon Industries Limited,"* Not Traded as on December 31, 2021"
1997,VIMALOIL,Vimal Oil & Foods Limited,"* Not Traded as on December 31, 2021"
1998,VISUINTL,Visu International Limited,"* Not Traded as on December 31, 2021"
1999,WINSOME,Winsome Yarns Limited,"* Not Traded as on December 31, 2021"
2000,ZICOM,Zicom Electronic Security Systems Limited,"* Not Traded as on December 31, 2021"
2001,SBIHOMEFIN,SBI Home Finance Limited,"* Not Traded as on December 31, 2021"
2002,SYNCOM,Syncom Healthcare Limited,"* Not Traded as on December 31, 2021"
2003,SMPL,Splendid Metal Products Limited,"* Not Traded as on December 31, 2021"
,,,
"Note: Kindly refer regulation 15 to 27 of SEBI (Listing Obligation and Disclosure Requirments) Regulations, 2015 for determining the applicability of other provisions of Corporate Governance.

* The list includes companies which are either suspended due to Capital Reduction/ALF/GSM/non-compliance etc.",,,
